idEstudioNormalizadoBI,EstudioNormalizadoBI,idCurso
58,MBA,100047
269,Comunicación y Marketing Político,101286
141,Intervención Social,10181
144,Licenciatura en Administración de Empresas,103557
287,Diseño Gráfico Digital,103562
288,Nutrición Humana y Dietética (CUNIMAD),104045
289,Psicopedagogía (CUNIMAD),104046
290,Máster en Fisioterapia del dolor cráneo-cervical y orofacial,104708
192,Secundaria + Especialidades,10509
112,E-learning y redes sociales,10519
305,Musicoterapia,106670
320,Máster en Facility BIM Manager,107019
297,E.U. Project Manager CROs,109074
345,"Nutrición, Obesidad y Técnicas Culinarias",109076
345,"Nutrición, Obesidad y Técnicas Culinarias",109076
345,"Nutrición, Obesidad y Técnicas Culinarias",109076
345,"Nutrición, Obesidad y Técnicas Culinarias",109076
330,E.U. Técnica de Litigación en Juicio,111414
146,Licenciatura en Comunicación,111423
348,D.G. en Derecho y Ciencias Políticas,111944
62,Dirección e ingeniería de sitios web,11209
293,Derecho de Familia,112188
332,Maestría en Diseño y Gestión de Proyectos Tecnológicos,112217
333,"Maestría en Aprendizaje, Cognición y Desarrollo Educativo",112218
334,Maestría en Marketing Digital,112219
323,Mención en Educación Física,112306
324,Mención en Educación Musical,112307
151,Maestría en Dirección y Administración de Empresas,113596
58,MBA,115361
346,Programa en Transformación Digital,115692
369,Programa en Dirección y Gestión de la Innovación ,115693
151,Maestría en Dirección y Administración de Empresas,115697
294,Dirección e Intervención Sociosanitaria,115801
360,C.U. Google for education,121153
295,Educación Inclusiva e Intercultural,121186
442,Máster en Marketing Analytics,121188
371,Estudios Avanzados en Terrorismo,121676
370,Inteligencia Artificial,121702
372,Business Process Management (BPM) for Digital Transformation,121804
378,Maestría en Recursos Humanos,122230
379,Maestría en Dirección de Operaciones y Calidad,122231
380,Maestría en Sistemas Integrados de Gestión,122232
782,Teatro,122233
375,E.A. Campañas Electorales,128468
382,E.U. en Desarrollo de Aplicaciones Blockchain,129998
384,E.A. en Prevención de Blanqueo de Capitales,130010
318,Mención en Pedagogía Terapéutica (Educación Especial) - Educación Infantil,130057
389,Métodos de Investigación en Educación,130144
151,Maestría en Dirección y Administración de Empresas,130492
933,Máster de F.P. en Coaching y Mentoring,130494
395,Mecánica de Fluidos Computacional,130618
396,E.U. en Packaging y Ecodiseño Digital,130619
397,E.U. en Investigación en Ciencias de la Computación ,130620
400,Composición Musical con Nuevas Tecnologías,130900
401,MBA Full Time,130999
402,MBA Full Time 100% english,131001
403,Finanzas y Contabilidad,131003
30,Creación de guiones audiovisuales,13300
58,MBA,133499
408,Industria 4.0,135197
411,MBA Executive,138762
72,Diseño y Gestión de Proyectos Tecnológicos,13945
175,Neuropsicología y educación,14078
413,C.U. Metodologías Activas e Innovación Educativa,141686
416,C.U.A. en Desafíos del Orden Global: “El Futuro de Europa”,143289
96,E.U. en Ortopedia para farmacéuticos,14500
96,E.U. en Ortopedia para farmacéuticos,14500
96,E.U. en Ortopedia para farmacéuticos,14500
428,P.A. en Lean Management,145596
419,Mención en Audición - Educación Primaria,146034
420,Derecho del Trabajo y de la Seguridad Social,146477
429,Diseño Industrial y Desarrollo de Producto,147355
431,Maestro en Educación Infantil Bilingüe,147451
431,Maestro en Educación Infantil Bilingüe,147451
432,Maestro en Educación Primaria Bilingüe,147452
432,Maestro en Educación Primaria Bilingüe,147452
433,Dirección Comercial y Ventas,147572
434,Dirección del Comercio Exterior e Internacionalización de Empresas,147573
436,Recursos Humanos y Relaciones Laborales,147574
435,Transformación Digital,147575
444,Pregrado en Ingeniería Informática,149621
443,Programa en Inbound Marketing & Copywriting,149657
446,Dirección de Marketing,151390
448,Maestría en Análisis y Visualización de Datos Masivos,151635
449,Maestría en Ingeniería de Software y sistemas Informáticos,151636
450,Maestría en Neuromarketing,151637
452,Maestría en Teatro y Artes Escénicas,151639
453,Control de Gestión / Controlling,151948
454,Programa en Resolución de Problemas Complejos,152989
455,Maestría en Educación Inclusiva e Intercultural,153545
456,Maestría en Orientación Educativa Familiar,153546
457,Maestría en Dirección y Administración en Salud,153547
458,Maestría en Dirección y Administración de Equipos de Salud,153548
461,E.U. en la Adicción a las Nuevas Tecnologías,154517
462,E.U. en Genética Clínica y Medicina Personalizada,155187
462,E.U. en Genética Clínica y Medicina Personalizada,155187
462,E.U. en Genética Clínica y Medicina Personalizada,155187
462,E.U. en Genética Clínica y Medicina Personalizada,155187
390,International MBA (México/USA) – 100% en línea,159491
465,E.A. en Emprendimiento Digital,159890
471,Educación Social (4 años),159932
473,Estudios Avanzados en Literatura Española y Latinoamericana,159934
474,C.U. Aprendizaje personalizado,159937
475,Gestión y Emprendimiento de Proyectos Culturales,160363
490,D.G. en Primaria y Pedagogía,160364
489,D.G. en Infantil y Pedagogía,160365
484,Matemática Computacional,163657
485,Inteligencia de Negocio,164755
58,MBA,166670
493,Derechos Humanos,170326
494,Asesoría Fiscal,170339
10,C.C. Enseñanza de Geografía e Historia,17086
495,Bioética,171200
495,Bioética,171200
495,Bioética,171200
496,Máster en Anestesia Pediátrica,171201
496,Máster en Anestesia Pediátrica,171201
497,Logopedia (CUNIMAD),171202
498,Óptica y Optometría,171203
500,Salud Visual y Optometría Avanzada,171638
501,Máster en Alimentación y Nutrición,171666
502,Pregrado en Administración de Empresas,173054
503,Pregrado en Contaduría Pública,173055
504,Dirección en la Gestión Pública,173339
520,Programa en RRHH Digital,177467
522,Máster en Dirección Comercial y Ventas,177486
526,Programna en Blockchain aplicado a negocio ,178849
527,E.U. en Didáctica de la Catequesis,178889
528,C.U. ABP y Gamificación en el Aula,178890
531,Esp. en Transformación Digital,178900
533,E.U. Docencia online,179052
534,Máster de F.P. en Persona y Sociedad en Joseph Ratzinger,179053
524,Esp. en Big Data Marketing,179360
536,Humanidades Digitales,179469
537,Gestión Empresarial en la Industria Musical,179520
538,Traducción e Interpretación,179521
93,C.U. en Metodologia CLIL (AICLE),17979
539,Esp. en People Analytics,180233
541,C.U.A. en Business Intelligence,180237
58,MBA,180238
542,Máster en Business Intelligence,180239
724,D.G. en ADE y Finanzas,180244
557,Máster de F.P. en Detective Privado,180843
563,Adaptación Maestro en Educación Primaria,182635
566,Enseñanza de Inglés,182637
564,Adaptación Maestro en Educación Infantil,183143
567,Psicoterapia: Terapias de Tercera Generación,183848
568,Neuropsicología Clínica,183849
569,Avances en Oncología y Hematología Pediátrica,183850
569,Avances en Oncología y Hematología Pediátrica,183850
570,Arbitraje Internacional,184153
572,Atención Temprana y Desarrollo Infantil,184676
576,Pregrado en Marketing y Publicidad,185516
573,Pregrado en Administración de la Seguridad y Salud en el Trabajo,185517
574,Especialización en Alta Gerencia,185518
578,Comunicación Transmedia,185975
579,Inteligencia de Marketing,185976
580,Comunicación y Visualización de Datos,185977
4,Adaptación de trabajo social,18802
194,Máster en Ciberseguridad,19050
585,Diseño y Desarrollo de Videojuegos,191197
586,Programa en el Futuro de Latam,191386
587,E.A. en Finanzas para Directivos,191387
589,E.U. en Modelado y Animación 3D,191388
588,Programa Avanzado en Legaltech,191390
601,C.U.Instrumentos de Evaluación en educación,196551
151,Maestría en Dirección y Administración de Empresas,196722
602,E.A. en Direccion y Gestión de Universidades,198821
603,Especialización en Dirección y Gestión de Proyectos,198822
58,MBA,19921
12,C.C. Enseñanza de Lengua y Literatura,20127
605,Máster en Gestión en Farmacia Comunitaria,202024
606,Publicidad,203811
607,Derecho Penal Internacional y Transnacional,205876
620,Programa de Dirección de Empresas Alimentarias,207737
31,Criminología,20985
111,Ejercicio profesional de la abogacía,20987
333,"Maestría en Aprendizaje, Cognición y Desarrollo Educativo",210169
664,Retórica y Oratoria,216803
665,Diseño y Producción Multimedia,217130
668,People Analytics y Big Data en Recursos Humanos,217642
669,Máster de F.P. en Derecho Deportivo,217644
670,Máster de F.P. en Preparación Física y Readaptación Deportiva al Fútbol,217645
671,Comercio Electrónico,218185
672,Gestión de Riesgos Financieros,218186
674,Negocios Digitales / Digital Business,218813
676,C.U. Introducción a la Robótica Creativa,220546
677,C.U. Desarrollo del Pensamiento Creativo,220547
678,C.U.Resolución de Conflictos en el Aula,220548
679,C.U. Educación en competencias digitales,220549
680,C.U. Evaluación por Competencias,220550
682,P.A. en DevOps & Cloud,220551
681,E.U en Marketing Educativo y Comunicación,221167
59,Dirección de Procesos Estratégicos,221168
683,"Programa en CRO, UX y Analytics",222420
684,Programa en Marketing Automation,222421
685,Programa en People Analytics & HR Analytics,222422
686,Máster de F.P. en Liderazgo y Desarrollo Personal,222423
687,Programa en Reputación Corporativa y Liderazgo,222424
689,E.U. en Trastorno del Espectro Autista,224733
690,Máster en Interpretación y Composición de Jazz y Música Moderna,225483
690,Máster en Interpretación y Composición de Jazz y Música Moderna,225483
691,Máster de F.P. en Estudios Bíblicos,225484
692,Máster en Orígenes del Cristianismo,225485
693,Máster en Fotografía de Eventos,225486
694,Dirección y Gestión de Tecnologías de la Información,225489
695,Cooperación Internacional al Desarrollo,225566
696,Pedagogía Musical,225567
17,Máster de F.P. en Mediación y Gestión de Conflictos,22613
2,Adaptación ADE,22890
699,Programa en Metodología OKR,230086
702,E.U. en Postproducción Digital,230116
956,Máster de F.P. en Metodologías Ágiles,230117
704,Especialización en Gestión de la Seguridad y Salud en el Trabajo,231714
705,Licenciatura en Educación Infantil,231715
788,Executive Program en CHO,231720
707,Máster en Marketing Deportivo,231723
708,E.U. en Preparación Física en Fútbol,231731
710,Máster en Fotografía Publicitaria,231915
718,E.U. en Digital Marketing 360º,231963
719,E.U. en Readaptación Deportiva en Fútbol,231964
720,Asesoramiento Financiero y Bancario,231969
725,P.A. en Comunicación Estratégica Corporativa,232202
189,Psicopedagogía,23233
726,Pregrado en Negocios Internacionales,232721
731,C.U. Transformación Digital del aprendizaje,233104
733,Programa en Compliance Laboral y Planes de Igualdad,235610
58,MBA,247330
187,Psicología,24879
737,Esp. en UX & Research,253573
738,Esp. en UX,253577
137,Ingeniería Informática,25380
741,C.U. Orientación Educativa y Familiar,255285
807,C.U. Gestión de Centros Escolares,255286
750,Pregrado en Administración en Salud,257237
751,D.G. en Marketing y ADE,257701
752,Escritura Creativa,257702
3,Adaptacion de educación social,25829
7,Administración y Dirección de Empresas,258990
753,Educación del Carácter y Educación Emocional,258991
754,Derecho Ambiental,259110
755,Derecho Corporativo Colombiano,259111
756,Ciberdelincuencia,259112
758,E.U. en UX&Research,260238
91,Programa Prof. en Inteligencia Emocional,26027
91,Programa Prof. en Inteligencia Emocional,26027
173,Música,26368
33,Cuidados paliativos pediátricos,27024
33,Cuidados paliativos pediátricos,27024
22,E.U. Cloud computing,27391
762,Emprendimiento de Negocios de Base y Gestión Tecnológica,275224
769,C.U. Microsoft Innovative Educator (MIE),277430
771,C.U. Aprendizaje Cooperativo y Colaborativo,277432
746,E.U. en Intervención en Trauma y EMDR,277466
770,C.U. Microsoft Innovative Expert (MIE Expert),277473
147,Licenciatura en Derecho,27763
144,Licenciatura en Administración de Empresas,27764
146,Licenciatura en Comunicación,27766
145,Licenciatura en Ciencia Política y Administración Pública,27767
181,Certificación formación profesional (COFPYD),277762
775,C. Acoso Escolar y Riesgos de Internet Generación Z,278232
52,Derecho Penal,27848
776,Psicología Forense,278947
783,Gestión de Marca,278963
780,E.A. en Comunicación Interna,279563
793,Maestría en Administración Pública,281294
794,Maestría en Educación,281295
795,Maestría en Finanzas,281296
796,Maestría en Inteligencia Artificial,281297
798,Maestría en Inteligencia de Negocios,281298
799,Maestría en Juicios Orales,281299
800,Maestría en Mercadotecnia,281300
801,Maestría en Protección de datos,281301
760,Evaluación de la Calidad y Procesos de Certificación en Educación Superior,281302
814,E.U. en Psicología Positiva,286666
814,E.U. en Psicología Positiva,286666
831,P.S.U. en Inglés jurídico TOLES,287811
934,Máster de F.P. en Coaching y Psicología Deportiva,287899
802,Esp. en Alta Gerencia,288677
812,P.A. en Medios de Pago,291636
834,P.A. en Cloud Computing. Arquitecturas y soluciones web,291637
811,P.A. en Consejo de Administración,291639
835,Máster de F.P. en Dirección y Pedagogía Coral,291640
836,E.U. en Dirección de Coros,292094
791,Master en Fotografía Artística y Narrativa Visual,293179
58,MBA,307485
843,Esp. en Tech MBA,307487
846,Máster de F.P. en Marketing de la Moda,307928
809,C.U. Flipped Classroom,308923
848,Ecosistemas de Aprendizaje Digital Apple Google y Microsoft,308926
810,C.U. Administración de Google Workspace para Educación,308927
853,Historia y Geografía,311398
877,E.U. en Gestión y Organización de Empresas Saludables,314901
877,E.U. en Gestión y Organización de Empresas Saludables,314901
877,E.U. en Gestión y Organización de Empresas Saludables,314901
51,Derecho Matrimonial Canónico,31581
856,Intervención Psicológica en Niños y Adolescentes,316915
857,Investigación en Psicología,316916
860,Innovación Educativa,317443
864,ExecutiveMáster en Dirección y Gestión Financiera,317504
865,Executive Máster en Dirección y Gestión de RRHH,317505
867,Executive Máster en Marketing Digital y eCommerce,317506
866,Executive Master en Dirección de Transformación Digital,317507
861,Historia del Arte,318072
862,"Filosofía, Política y Economía",318073
868,Física,318184
869,Ciencia de Datos,318206
870,Desarrollo y Operaciones (DevOps),318207
871,Internet de las Cosas / Internet of Things (IoT),318208
878,Astrofísica y Técnicas de Observación en Astronomía,319898
879,Dirección del Comercio Minorista Omnicanal,319899
158,Marketing,32010
117,Estudios Avanzados de Teatro,32015
94,Programa Avanzado en Nutrición Deportiva,32021
94,Programa Avanzado en Nutrición Deportiva,32021
94,Programa Avanzado en Nutrición Deportiva,32021
94,Programa Avanzado en Nutrición Deportiva,32021
82,E.U. Cuidados paliativos,32181
70,Diseño de Experiencia de Usuario,32223
889,Esp. en Metodología Clínica Jurídica,322829
891,Esp. en Emprendimiento Tecnológico,322831
895,Cáncer Hereditario,327610
895,Cáncer Hereditario,327610
895,Cáncer Hereditario,327610
896,Máster de F.P. en Oficina de Farmacia,327611
896,Máster de F.P. en Oficina de Farmacia,327611
898,Enfermedades Infecciosas,327613
898,Enfermedades Infecciosas,327613
898,Enfermedades Infecciosas,327613
899,E.U. en Redacción Científica,327614
899,E.U. en Redacción Científica,327614
899,E.U. en Redacción Científica,327614
899,E.U. en Redacción Científica,327614
746,E.U. en Intervención en Trauma y EMDR,327646
901,Especialización en Gestión Humana,328059
904,Auditoría de Cuentas,329398
906,Derecho de la Ordenación del Territorio y del Urbanismo,329421
917,Metodología de la Investigación en Ciencias de la Salud,329674
917,Metodología de la Investigación en Ciencias de la Salud,329674
917,Metodología de la Investigación en Ciencias de la Salud,329674
917,Metodología de la Investigación en Ciencias de la Salud,329674
170,Máster de F.P. en Project Management (PMP),33044
927,Producción Audiovisual,330659
926,Especialización en Marketing Digital,333223
39,Curso Preparación para la Certificación PMP,33485
64,Dirección y Gestión Financiera,33570
157,Marketing Digital,33572
928,Prevención y Mediación de Conflictos en Entornos Educativos,337437
64,Dirección y Gestión Financiera,337613
60,Dirección y Gestión de Recursos Humanos,337614
930,Máster de F.P. en Investigación en Experiencia de Usuario,337876
931,Dirección y Gestión Deportiva,338075
933,Máster de F.P. en Coaching y Mentoring,338083
934,Máster de F.P. en Coaching y Psicología Deportiva,338084
936,Máster de F.P. en Dirección de Orquesta,338088
534,Máster de F.P. en Persona y Sociedad en Joseph Ratzinger,338089
148,Licenciatura en Pedagogía,33808
938,Marketing Farmacéutico,338511
158,Marketing,338555
104,E.U. en Trastornos por Déficit de Atención e Hiperactividad (TDAH),34170
947,Especialista en Metodologías Activas y Ecosistemas Digitales,344177
143,Investigación Musical,34687
948,E.U. en Metodologías Activas y Aprendizaje Personalizado,348318
949,E. U. en Ecosistemas Digitales de Aprendizaje,348319
129,Fiscalidad internacional,35160
951,E.U. en Apreciación Musical,352519
952,Máster de F.P. en Digital Marketing 360º,352540
953,E.U. en Nutrición de Precisión y Epidemiología Nutricional,352541
953,E.U. en Nutrición de Precisión y Epidemiología Nutricional,352541
953,E.U. en Nutrición de Precisión y Epidemiología Nutricional,352541
953,E.U. en Nutrición de Precisión y Epidemiología Nutricional,352541
957,Victimología y Criminología Aplicada,352968
958,Derecho Digital,352969
959,Derecho de la Energía y Transición Energética,352970
964,Executive Master en Dirección de Industrias Agroalimentarias (EMDIA),352973
960,Maestría en Administración de Negocios (MBA),352994
961,Maestría en Derecho de la Empresa,352995
962,Maestría en Gestión Minera y Ambiental,352996
963,Maestría en Gestión de Tecnologías de la Información,352997
136,Ingeniería Industrial,35337
183,Propiedad Intelectual e Industrial,35444
309,Máster de F.P. en Revenue Management,35787
969,Máster de F.P. en Humanidades,359617
970,Adaptación Grado en Educación Social,360741
971,Gestión del Patrimonio Cultural y Natural,360744
972,Trabajo Motor en Niños con Trastornos Neurológicos y Discapacidad Intelectual,364465
972,Trabajo Motor en Niños con Trastornos Neurológicos y Discapacidad Intelectual,364465
972,Trabajo Motor en Niños con Trastornos Neurológicos y Discapacidad Intelectual,364465
972,Trabajo Motor en Niños con Trastornos Neurológicos y Discapacidad Intelectual,364465
1159,Programa en Control de Gestión,364994
1160,Programa en Dirección de Operaciones,364995
1161,Programa en Dirección de Personas,364996
1162,Programa en Dirección de Proyectos,364997
1163,Programa en Dirección del Marketing,364998
1164,Programa en Dirección Financiera,364999
1165,Programa en Escritura y Publicación de Artículos Científicos y Casos,365000
1166,Programa en Estadística para la Investigación,365001
1167,Programa en Finanzas Corporativas,365002
1168,Programa en Gestión de la Innovación,365003
1169,Programa en Imagen y Comunicación Política,365004
1170,Programa en Logística,365005
1171,Programa en Marketing Digital,365006
1172,Programa en Metodología de la Investigación,365007
1173,Programa en Metodologías Ágiles,365008
1174,Programa en Negocios Internacionales,365009
974,Fotografía,365427
975,Fotografía Artística,365428
1008,Estudios en Seguridad Internacional,366584
977,Economía de la Salud,367215
978,Protocolo y Eventos,367216
991,Máster de F.P. en Full Stack Developer,372814
992,Máster de F.P. en Ecología Urbana e Infraestructura Verde,372815
994,Máster de F.P. en Acompañamiento Educativo,378006
993,Máster de F.P. en Trastornos y Dificultades de Aprendizaje,378007
5,Adaptación Ingeniería Informática,37829
997,Máster de F.P. en Legaltech,386841
998,Nuevas Técnicas de Reproducción Bovina,387408
971,Gestión del Patrimonio Cultural y Natural,388178
1000,Especialización en Neuropsicología y Educación,388763
1006,Máster de F.P. en Marketing y Comercialización del Sector Agroalimentario,389572
1007,Máster de F.P. en Transformación Digital e Innovación en el Sector Agroalimentario,389573
1015,"Executive Máster en Dirección de Supply Chain, Operaciones y Logística",390438
1014,C.U. en Dificultades de Aprendizaje,390880
104,E.U. en Trastornos por Déficit de Atención e Hiperactividad (TDAH),390881
1024,Maestría en Dirección de Recursos Humanos,391153
1020,Maestría en Gestión Tributaria,391154
1021,Maestría en Marketing Digital (Newman),391155
1022,Maestría en Dirección Pública,391156
1023,Maestría en Derecho Penal,391157
1016,Maestría en Educación (Newman),391281
1019,Ciencias de la Actividad Física y del Deporte,391425
1019,Ciencias de la Actividad Física y del Deporte,391425
1019,Ciencias de la Actividad Física y del Deporte,391425
1018,Adaptación en Recursos Humanos y Relaciones Laborales,391445
177,Periodismo de datos,39226
86,E.U. en Ecografía Musculoesqueletica,39255
86,E.U. en Ecografía Musculoesqueletica,39255
1026,E.U. en Preceptuación y Asesoramiento Académico Personal,392846
1027,Innovación en Educación Infantil,392847
1029,Maestría en Comunicación y Marketing Político,393517
1030,Maestría en Gestión de Riesgos Financieros,393518
1031,Maestría en CC Computacionales y Matemáticas Aplicadas,393519
1032,Maestría en Diseño Gráfico Digital,393520
1033,Maestría en Dirección y Gestión de las Tecnologías de la Información,393521
1034,Maestría en Derechos Humanos,393522
1035,Licenciatura en Criminología,393523
1036,"Maestría en Diseño Industrial, Innovación y Desarrollo de Producto",393524
1037,Maestría en Métodos de Enseñanza en Educación Personalizada,393525
1038,Maestría en Enseñanza del Inglés,393526
1306,Ingeniería en Informática con especialización de Software,393527
1307,Ingeniería en Informática con especialización en Videojuegos,393528
1313,Licenciatura en Diseño de Videojuegos,393529
1301,Licenciatura en Realización y Animación 3D,393530
1294,Maestría en Ingeniería Sanitaria con especialización en Aguas Residuales,393531
1324,Maestría en Inteligencia Artificial (Internaciones),393532
1291,Licenciatura en Psicología,393533
1299,Maestría en Intervención en Psicología Clínica,393534
1300,Maestría en Psicoterapia: Terapias de 3ª Generación,393537
1308,Licenciatura en Administración Aduanera y Comercio Exterior,393538
1310,Licenciatura en Administración de Empresas (Internaciones),393539
1309,Licenciatura en Administración Industrial y Financiera,393540
1311,Licenciatura en Administración Pública,393541
1312,Licenciatura en Contaduría Pública y Auditoría,393542
1314,Maestría en Administración Aduanera,393543
1315,Maestría en Administración de la Seguridad Social - MSS,393544
1316,Maestría en Administración Financiera,393545
1318,Maestría en Ciencias Actuariales,393546
1319,Maestría en Dirección y Políticas Públicas,393547
1320,Maestría en Finanzas y Tributación,393548
1296,Maestría en Business Intelligence and Data Analytics,393549
1303,Maestría en Marketing Digital (Internaciones),393550
1321,Maestría en Normas Internacionales de Información Financiera - NIIF,393551
1322,Maestría en Tributación,393552
1304,Maestría en Administración y Dirección de Empresas (MBA),393553
1039,Licenciatura en Ingeniería Industrial Administrativa,393555
1040,Licenciatura en Ingeniería en Sistemas Computacionales,393556
1041,E.U. en Inteligencia Artificial en Diagnóstico Clínico por Imagen,393676
1041,E.U. en Inteligencia Artificial en Diagnóstico Clínico por Imagen,393676
1042,Cirugía Oral y Prótesis Implantosoportada,393677
1043,"Estética Dental, Odontología Restauradora y Flujo Digital",393678
1078,Máster de F.P. en Medicina Estética,394989
58,MBA,395138
1069,Cuidados Paliativos,396308
1069,Cuidados Paliativos,396308
1076,Logopedia,396309
1070,Musicología,396310
1058,Maestría en Logística y Transporte,397298
1059,Maestría en Industria 4.0,397299
1060,Maestría en Atención a las Necesidades Educativas del Desarrollo,397300
1061,Maestría en Gestión Ambiental y Eficiencia Energética,397301
1062,Maestría en Negocios Internacionales y Comercio Exterior,397302
1063,Maestría en Gerencia Comercial y Ventas,397303
1064,"Maestría en Didáctica de la Ciencia, Tecnología, Ingeniería y Matemáticas",397304
1065,Maestría en Derecho Fiscal,397305
1066,Maestría en Derecho Procesal Penal,397306
1068,Estudios Nutricionales de Precisión y Epidemiología Nutricional,397804
1068,Estudios Nutricionales de Precisión y Epidemiología Nutricional,397804
1068,Estudios Nutricionales de Precisión y Epidemiología Nutricional,397804
59,Dirección de Procesos Estratégicos,39780
74,Doctorado,39798
1071,Análisis y Prevención de la Corrupción,398861
1072,Delincuencia Juvenil e Intervención con Menores,398862
1073,Derecho de Consumo para el Comercio Electrónico,398863
1074,Investigación Criminal,398864
1075,Docencia Superior Universitaria,398865
1117,Diseño y Desarrollo Videojuegos,407199
1097,Diseño y desarrollo de la Interfaz de usuario,407200
1098,Realidad Extendida,407201
1100,Economía,407203
1101,Economía Internacional ,407204
1102,MiM - Gestión de empresas,407205
1103,Transformación Digital en la empresa,407206
1104,Energías Alternativas y Renovables,407207
1105,Gemelos Digitales,407209
1106,IA en el Sector de la Energía y las Infraestructuras,407210
1107,Innovación en la Experiencia del Cliente,407211
1109,Computación cuántica,407212
1110,Salud Digital,407213
1111,Seguridad Alimentaria,407214
1112,Ingeniería de las Telecomunicaciones,407215
1120,Ciberseguridad,407217
1114,Herramientas y Tecnologías para el Diseño de Espacios Arquitectónicos inteligentes ,407218
1108,Danza,407219
1118,Gestión Logística,407834
1323,Maestría en Visual Analytics y Big Data,430062
1292,Maestría en Gestión y Dirección del Talento Humano,430063
1151,Maestría en Prevención de Riesgos Laborales,433396
1153,Medicina Interna de Pequeños Animales,436935
106,Educación Bilingüe,43899
114,Enseñanza del Español,43901
1154,Especialización en Seguridad Informática,442645
1155,Especialización en Visual Analytics y Big Data,442646
1156,Especialización en Ingeniería de Software,442647
1157,Especialización en Gerencia Educativa,443549
1158,Security Operation Center (SOC),446382
1175,Programa en Soft Skills y Habilidades Directivas,446876
1187,Máster de F.P. en Resolución de Problemas Complejos,450114
1182,Formación Permanente en Digital Business,450117
1183,Máster de F.P. en Enoturismo,450119
1184,Máster de F.P. en Relaciones Internacionales,450120
1186,Máster de F.P. en Terapia Asistida con Animales,450122
1060,Maestría en Atención a las Necesidades Educativas del Desarrollo,450199
1200,Programa de Actualización Licenciatura Contaduría Pública y Auditoría,451700
1295,Maestría en Ingeniería Sanitaria con Especialización en Desechos Sólidos,451750
58,MBA,452341
1216,Especialización en Industria 4.0 ,452676
1217,C.U. Fútbol Terapéutico,453468
1218,Máster de F.P. en Altas Capacidades y Desarrollo del Talento,453717
1242,Nutrición Humana y Dietética,454016
1242,Nutrición Humana y Dietética,454016
1242,Nutrición Humana y Dietética,454016
1151,Maestría en Prevención de Riesgos Laborales,454034
184,Protección de datos,46709
97,P.A. en Peritaje Informático e Informática Forense,46807
174,Neuromarketing,46967
1096,Diseño de Interiores,470198
71,Diseño Digital,47026
1245,Máster de F.P. en Gestión Inmobiliaria,471433
1247,Didáctica de la Física y la Química en Educación Secundaria y Bachillerato,471435
1248,Educación Ambiental para el Desarrollo Sostenible,471436
1249,Didáctica de la Biología y la Geología en Educación Secundaria y Bachillerato,471437
1297,Maestría en Neuropsicología Clínica,471566
1638,Maestría en Dirección y Administración en Salud (Internaciones),471567
1250,E.U. en Ecografía del Aparato Digestivo y Genitourinario,471568
1298,Maestría en Psicología Forense,471569
1812,Maestría en Gestión de Tecnologías de la información (Internaciones),471570
1812,Maestría en Gestión de Tecnologías de la información (Internaciones),471570
1317,Maestría en Cibersecurity,471572
1251,Técnico Superior en Administración y Finanzas,471626
1252,Técnico Superior en Marketing y Publicidad,471627
1253,Técnico Superior en Administración de Sistemas Informáticos en Red,471628
1052,Técnico Superior en Desarrollo de Aplicaciones Multiplataforma,471631
1051,Técnico Superior en Desarrollo de Aplicaciones Web,471632
334,Maestría en Marketing Digital,472479
451,Maestría en Comunicación Corporativa,472480
1257,Atención Educativa y Prevención de Conductas Adictivas en Niños y Adolescentes,473498
1293,Maestría en Ingeniería Sanitaria con Especialización en Agua Potable,473594
1259,Derecho Sanitario,474940
1258,Seguridad Pública,474941
1263,Redes Sociales / Master in Social Media,480601
941,Curso inglés A2 intensivo,48376
942,Curso Inglés B1 Intensivo,48377
943,Curso Inglés B2 Intensivo,48378
945,Examen UNIR B1 Español,48380
946,Examen UNIR B2 Español,48381
1270,C. en Marketing Digital 360 (Newman),487357
1266,C. en Habilidades para Abogados,487358
1271,C. en Gestión Digital de Proyectos (Newman),487359
1267,C. en Gestión del Diseño,487360
1268,C. en Finanzas Corporativas,487361
1269,C. en Data & Business Analytics,487362
1272,C. en Inteligencia Emocional y Disciplina Positiva (Newman),487619
1273,Jornada Práctica de Transformación Digital en la Cadena Agroalimentaria: Tecnologías y Procesos,487946
1274,C.F.P. en Experto en Calidad y Seguridad del Paciente,507083
457,Maestría en Dirección y Administración en Salud,507425
458,Maestría en Dirección y Administración de Equipos de Salud,507426
1328,Licenciatura en Enfermería (Internaciones),507840
1327,Licenciatura en Cirujano Dentista (Internaciones),507841
1279,C.U. de Mediación en España y Latinoamérica,507842
1280,C. en Inteligencia Emocional y Disciplina Positiva (Internaciones),507966
1283,Licenciatura en Educación Básica Primaria,508447
1284,Especialización en Inteligencia de Negocio,508448
1285,Especialización en Educación y Orientación Familiar,508449
1281,Maestría en Finanzas (Newman),508450
960,Maestría en Administración de Negocios (MBA),508451
1023,Maestría en Derecho Penal,508452
1016,Maestría en Educación (Newman),508453
1282,Maestría en Liderazgos y Dirección de Centros Educativos (Newman),508454
434,Dirección del Comercio Exterior e Internacionalización de Empresas,509676
269,Comunicación y Marketing Político,509677
578,Comunicación Transmedia,509678
27,Comunicación Corporativa,509679
433,Dirección Comercial y Ventas,509680
59,Dirección de Procesos Estratégicos,509681
783,Gestión de Marca,509682
446,Dirección de Marketing,509683
446,Dirección de Marketing,509698
938,Marketing Farmacéutico,509699
904,Auditoría de Cuentas,509700
485,Inteligencia de Negocio,509701
435,Transformación Digital,509702
435,Transformación Digital,509703
1065,Maestría en Derecho Fiscal,509706
801,Maestría en Protección de datos,509707
1034,Maestría en Derechos Humanos,509708
1066,Maestría en Derecho Procesal Penal,509709
145,Licenciatura en Ciencia Política y Administración Pública,510285
1287,Maestría en Desarrollo y Operaciones de Software,510363
962,Maestría en Gestión Minera y Ambiental,510364
1021,Maestría en Marketing Digital (Newman),510365
960,Maestría en Administración de Negocios (MBA),510366
1288,Maestría en Derecho Corporativo y Empresarial,510367
1289,C. Adobe Creative,510368
1290,Maestría en Estética Dental Odontología Restauradora y Flujo Digital,512174
67,Dirección y Gestión Sanitaria,512185
67,Dirección y Gestión Sanitaria,512186
67,Dirección y Gestión Sanitaria,512187
68,Dirección y Gestión de Unidades de Enfermería,512188
68,Dirección y Gestión de Unidades de Enfermería,512189
68,Dirección y Gestión de Unidades de Enfermería,512190
776,Psicología Forense,512191
568,Neuropsicología Clínica,512192
567,Psicoterapia: Terapias de Tercera Generación,512193
856,Intervención Psicológica en Niños y Adolescentes,512194
1305,Certificación ISO 20000:2018 TÜV Rheinland,516409
63,Dirección Logística,520145
429,Diseño Industrial y Desarrollo de Producto,520149
1097,Diseño y desarrollo de la Interfaz de usuario,520150
70,Diseño de Experiencia de Usuario,520151
694,Dirección y Gestión de Tecnologías de la Información,520152
871,Internet de las Cosas / Internet of Things (IoT),520153
694,Dirección y Gestión de Tecnologías de la Información,520154
138,Ingeniería matemática y computación,520155
370,Inteligencia Artificial,520159
870,Desarrollo y Operaciones (DevOps),520160
448,Maestría en Análisis y Visualización de Datos Masivos,520161
194,Máster en Ciberseguridad,520162
1325,Global Program ESIT,520163
1326,Global Program Empresa,520164
1333,Curso de Actualización en Modelos de Gestión Sanitaria (Global Program),520165
1329,C.A. en Inteligencia Artificial y Data Engineering,520166
1330,C. Maestría en Emprendimiento y Negocios Digitales,520167
1331,C.A. en Data Analyst para Inteligencia Artificial,520168
1332,Maestría en Emprendimiento y Negocios Digitales,520169
135,Ingeniería de Software y Sistemas informáticos,526883
870,Desarrollo y Operaciones (DevOps),526884
171,Visual Analytics y Big Data,526885
370,Inteligencia Artificial,526886
194,Máster en Ciberseguridad,526887
1334,E.U. en Convivencia y Acoso Escolar,526895
1335,Maestría en Transformación Digital de las Organizaciones,526896
1336,C.U.A. Altas Capacidades y Desarrollo del Talento,526897
1337,C.U.A. Litigación,526898
67,Dirección y Gestión Sanitaria,526899
68,Dirección y Gestión de Unidades de Enfermería,526900
193,Seguridad Clínica y Atención Sanitaria,526901
1332,Maestría en Emprendimiento y Negocios Digitales,526902
1332,Maestría en Emprendimiento y Negocios Digitales,526903
1338,Diploma Esp. en Logoterapia y Análisis Existencial aplicados a la clínica,528360
796,Maestría en Inteligencia Artificial,528361
58,MBA,528362
64,Dirección y Gestión Financiera,528363
60,Dirección y Gestión de Recursos Humanos,528364
796,Maestría en Inteligencia Artificial,528365
796,Maestría en Inteligencia Artificial,529615
917,Metodología de la Investigación en Ciencias de la Salud,529617
495,Bioética,529618
1339,C. Maestría en Desarrollo y Operaciones de Software (DevOps),529619
1340,Mención en Competencias Digitales,529620
1341,Mención en Evaluación por competencias,529621
1342,Mención en Desarrollo del pensamiento creativo,529622
1343,Mención en Instrumentos para la Evaluación en Educación,529623
1344,Mención en Resolución de conflictos en el aula,529624
111,Ejercicio profesional de la abogacía,529626
756,Ciberdelincuencia,529627
754,Derecho Ambiental,529628
755,Derecho Corporativo Colombiano,529629
906,Derecho de la Ordenación del Territorio y del Urbanismo,529630
959,Derecho de la Energía y Transición Energética,529631
420,Derecho del Trabajo y de la Seguridad Social,529632
958,Derecho Digital,529633
207,Derecho Penal Económico,529634
607,Derecho Penal Internacional y Transnacional,529635
1259,Derecho Sanitario,529636
183,Propiedad Intelectual e Industrial,529637
493,Derechos Humanos,529638
176,Pedagogía,52967
103,"E.U. Robótica, Programación e Impresión 3D",52973
599,Dirección y Administración de Empresas - MBA Directivos,532673
1063,Maestría en Gerencia Comercial y Ventas,532674
334,Maestría en Marketing Digital,532675
1332,Maestría en Emprendimiento y Negocios Digitales,532676
800,Maestría en Mercadotecnia,532679
151,Maestría en Dirección y Administración de Empresas,532680
1346,P.A. Diseño y Gestión de Plantas Solares Fotovoltaicas,532683
1347,C.U.A. Scrum,532684
1016,Maestría en Educación (Newman),532750
1016,Maestría en Educación (Newman),532751
1016,Maestría en Educación (Newman),532752
1016,Maestría en Educación (Newman),532753
1016,Maestría en Educación (Newman),532754
200,Orientación Educativa Familiar,53861
1353,C.U.A. Actividad Física y Deporte,538960
87,E.U. en Enseñanza de Religión,54850
1365,Maestría Internacional en Diseño Gráfico Digital (Internaciones),550306
1362,Estudios Avanzados en Cinematografía,550307
1363,Métodos y Técnicas de Investigación Social Aplicada,550308
1367,Producción de Proyectos Artísticos,550469
1369,Maestría en Diseño y Desarrollo de Videojuegos (Internaciones),551829
1371,Administración Electrónica y Gobierno Abierto,551831
1372,Derecho de los Mercados Financieros,551832
135,Ingeniería de Software y Sistemas informáticos,55424
166,Máster en Diseño de Videojuegos,55426
1373,Máster de F.P. en Product Manager,554848
1377,Inteligencia Económica para la Gestión de la Seguridad,564668
1378,Marketing Deportivo,564669
1379,Animación 3D para las Industrias del Entretenimiento,564670
1592,Intervención Logopédica en la Deglución,571555
1593,Microbiota Humana,571556
1388,Analítica Digital Online,571559
1414,Hacking Ético Streaming,571562
1419,Cloud CRM Marketing Streaming,571564
1436,Data Science Streaming,571565
1509,Experto en tráfico y estrategias de paid media Streaming,571567
1547,SEO - SEM Profesional Madrid,571568
1550,SEO - SEM Profesional Streaming,571570
1422,CRO Streaming,571573
1545,SEO Avanzado Streaming,571583
1596,Máster de F.P. en Derecho Corporativo y M&A,573954
64,Dirección y Gestión Financiera,576483
1602,Máster de F.P. en Tributación,578343
1603,Máster de F.P. en Construcción Industrializada,578344
1604,Maestría en Intervención Psicológica en niños y adolescentes,578345
1605,E.U. en Dislexia y Discalculia,578346
1606,E.U. en Historia de la Iglesia en España y América Latina,578347
1607,Máster de F.P. en Coordinación de Bienestar y Protección del Alumnado,578348
63,Dirección Logística,57842
1609,Estrategias Nutricionales en la Práctica Deportiva,579548
1610,Enfermería,579579
1611,Farmacia,579733
1613,Fisioterapia (Unimad),579734
1612,Biomedicina,579735
1615,Bioinformática,580235
447,Maestría en Tecnología Educativa y Competencias Digitales,580239
101,E.U. en Psicomotricidad y Neuromotricidad,58328
268,Tecnología Educativa y Competencias Digitales,58331
16,C.U. Herramientas para el Trabajo Colaborativo para Docentes,58345
1617,Especialización en Gerencia Financiera,587096
1618,Especialización en Inteligencia Artificial,587097
1622,D.G. en Derecho y Criminología ,587105
1654,Bachelor en Musicología,587129
1653,Bachelor en Composición Musical,587130
1628,Maestría en Gestión de Riesgos Financieros (Newman),587131
1629,Maestría en Neuromarketing (Newman),587132
1630,Maestría en Emprendimiento y Negocios Digitales (Newman),587133
1631,Maestría en Inteligencia de Negocio,587134
1632,Maestría en Negocios Internacionales,587135
1633,Maestría en Psicopedagogía (Newman),587136
1634,Maestría en Tecnología Educativa,587137
1635,Maestría en Atención a las Necesidades Educativas del Desarrollo (Newman),587138
1636,Maestría en Educación Inclusiva e Intercultural (Newman),587140
1637,"Maestría en Didáctica de la Ciencia, Tecnología, Ingeniería y Matemáticas (Newman)",587146
1379,Animación 3D para las Industrias del Entretenimiento,587160
1639,Maestría en Teatro y Artes Escénicas (Newman),587161
372,Business Process Management (BPM) for Digital Transformation,587163
1640,Maestría en Gerencia Social,587165
1641,Maestría en Industria 4.0,587169
1642,Maestría en Gerencia de Operaciones y Logística,587170
1643,Maestría en Seguridad y Salud Ocupacional,587172
1644,Maestría en Inteligencia Artificial (Newman),587176
1645,"Maestría en Diseño Industrial, Innovación y Desarrollo de Producto (Newman)",587183
1646,Maestría en Desarrollo y Operaciones de Software (DevOps),587184
871,Internet de las Cosas / Internet of Things (IoT),587206
1648,Maestría en Gerencia de Servicios de Salud,587220
64,Dirección y Gestión Financiera,587239
1649,CTI Streaming ,587277
1650,Ecommerce y Marketplaces Streaming,587281
1656,Técnico Sup. en Administración y Finanzas,589768
1657,Técnico Sup. en Administracion de Sistemas Informaticos en Red,589769
1658,Técnico Sup. en Desarrollo de Aplicaciones Web,589770
1971,Técnico Sup. en Transporte y Logística (FP),589771
1663,Licenciatura en Medicina,590579
1660,Esp. en Administración y Gerencia de la Salud,590657
1680,Seminario Cultura del Vino,599448
162,Asesoría Jurídica de Empresa,60375
73,D.G. en Derecho y ADE,60377
1689,Programa Executive en Sostenibilidad ESG,605881
1850,Project Management (PMP) Online,605962
58,MBA,60615
1697,Curso en Ciberseguridad,609956
1698,Curso en Inteligencia Artificial y Data Science,609957
1699,Curso en Arquitectura Big Data,609971
157,Marketing Digital,609990
1700,Programa Profesional en Inteligencia Artificial y Data Science,612849
1701,Programa Profesional en Ciberseguridad,612850
944,Curso Inglés C1 Intensivo,61899
1654,Bachelor en Musicología,641147
1715,Trastornos de la Conducta Alimentaria,656820
1716,Gerontología y Atención centrada en la Persona y las Relaciones,656821
1717,Intervención Psicológica en el Ambito Educativo,656822
1723,Relaciones Internacionales,658320
1727,Licenciatura en Diseño Gráfico Digital,662236
1729,Maestría en Diseño y Desarrollo de la Interfaz de Usuario web,673466
1735,Maestría en Cooperación Internacional al Desarrollo,673767
1736,Licenciatura en Recursos Humanos,673772
1737,Licenciatura en Mercadotecnia,673779
1738,Licenciatura en Contaduría Pública y Finanzas,673784
1739,Licenciatura en Arquitectura,673794
1740,Maestría en Educación Musical,673802
1741,Maestría en Intervención Social ,673818
1742,Maestría en Educación Integral y Socioemocional ,673819
67,Dirección y Gestión Sanitaria,67416
68,Dirección y Gestión de Unidades de Enfermería,67417
188,Psicología General Sanitaria,67418
43,D.E. Gestión de Operaciones y Calidad,68141
42,D.E. Gestión Comercial y Negocios,68142
1754,Maestría en Contabilidad e Impuestos,682517
1755,Maestría en Transformación Digital en las Organizaciones,682518
149,Liderazgo y Dirección de Centros Educativos,68287
1764,Profesional en Ciberseguridad Online,687742
1772,Maestría en Big Data,688217
1773,Maestría en Ciberseguridad,688218
1774,Maestría en Diseño y Gestión de Proyectos Tecnológicos (Newman),688230
1775,Maestría en Gestión Ambiental y Eficiencia Energética (Newman),688231
608,MIU - BSBA (EN),688913
609,MIU - BSCS (EN),688914
1793,MIU - IMBA (EN),688915
618,MIU - MEL (EN),688917
1794,MIU - BSBA (ES),688919
613,MIU - BSCS (ES),688922
615,MIU - IMBA (ES),688924
619,MIU - MEL (ES),688928
1776,Maestría en Ingeniería de Software y Sistemas Informáticos (Newman),690026
1777,Maestría en Cooperación Internacional,690027
1778,Maestría en Intervención Social (Newman),690028
1779,Maestría en Musicología,690029
54,Didáctica de la lengua (Infantil y Primaria),69093
1780,Maestría en Criminología,694602
1781,Maestría en Derechos Humanos (Newman),694623
1782,Maestría en Métodos de Enseñanza en Educación Personalizada (Newman),694626
1783,Maestría en Neuropsicologia en la Educación (Newman),694639
164,Máster en DevOps y Cloud Computing,69463
1784,Maestría en Orientación Educativa Familiar (Newman),694640
1785,Maestría en Comunicación Corporativa,694641
1786,Maestría en Dirección de Marketing,694642
1787,Maestría en Dirección de Operaciones,694643
1788,Maestría en Gerencia Comercial,694646
1789,Maestría en Marketing Político,694647
1790,Especialización en Derecho de la Empresa,694648
190,Publicidad Digital,69472
27,Comunicación Corporativa,69473
55,Didáctica de la Lengua en Educación Secundaria y Bachillerato,69496
1807,E.U. en Entrenamiento de Fuerza para la Readaptación de Lesiones,700520
1837,E.U. en Modelos de Asistencia Integral en Atención Primaria,704552
1838,People Analytics & HR Analytics Online,704641
1840,Avanzado en DevOps & Cloud Online,704642
1841,Avanzado en Cloud Computing. Arquitecturas y Soluciones Online,704643
1843,Profesional en Peritaje Informático e Informática Forense Online,704645
1844,Profesional en Inteligencia Artificial y Data Science Online,704646
1845,Full Stack Developer Online,704695
1846,Product Manager Online,704700
1847,Curso de Copywriting,704713
1852,Digital Marketing 360 Online,708415
1864,Psicología del Deporte,713037
1865,Genómica Humana de Precisión,714520
1865,Genómica Humana de Precisión,714520
1865,Genómica Humana de Precisión,714520
1865,Genómica Humana de Precisión,714520
1865,Genómica Humana de Precisión,714520
1866,Transformación Digital en el Sector Público,715725
1867,Gestión y Planificación de la Tecnología Sanitaria,715726
1869,Cooperación Internacional para el Desarrollo,719613
1870,Sociología,719614
1872,Gestión del Desarrollo Sostenible,719616
1873,Jazz y Música Moderna,719617
794,Maestría en Educación,719618
139,International Executive MBA,72229
58,MBA,72236
57,Didáctica de las Matemáticas. Secundaria y Bachillerato,72597
1875,Maestría en Ingeniería Sanitaria,730731
1876,Salud Global / One Health,730741
1876,Salud Global / One Health,730741
1876,Salud Global / One Health,730741
1876,Salud Global / One Health,730741
1876,Salud Global / One Health,730741
1882,Didáctica de las Artes Plásticas y Visuales en Educación Infantil y Primaria,732361
151,Maestría en Dirección y Administración de Empresas,739313
155,Maestro en educación infantil,7394
156,Maestro en educación primaria,7399
1891,Transformación Digital a través de Tecnologías Disruptivas,740496
49,Derecho Comercio Internacional,74109
151,Maestría en Dirección y Administración de Empresas,74717
152,Maestría en Dirección y Gestión de Centros Educativos,74718
153,Maestría en Psicopedagogía,74721
154,Maestría en Ciberseguridad,74722
150,Maestría en Dirección e Ingeniería de Sitios Web,74723
56,Didáctica de las Matemáticas. Infantil y Primaria,74791
1980,MIU - MCIB (ES),753558
1907,Maestría en Diseño Gráfico Digital (Newman),753664
1908,Maestría en Energías Renovables,753665
1909,Maestría en Seguridad Alimentaria,753666
1910,Maestría en Auditoría,754531
1911,Maestría en Comunicación Digital,754532
1912,Maestría en Dirección y Gestión Deportiva,754533
1913,Maestría en Protocolo y Eventos,754534
1914,Maestría en Transformación Digital de la Empresa,754535
1915,Maestría en Creación de Guiones Audiovisuales,754536
1916,Maestría en Fotografía Artística,754537
1917,Maestría en Pedagogía Musical,754538
1918,Maestría en Anticorrupción,754539
1919,Maestría en Seguridad Internacional,754540
26,Comunicación,7545
1920,Maestría en Enseñanza Inglés como lengua extranjera,755419
1921,Maestría en Estimulación temprana y educación Infantil,755420
1922,Maestría en Prevención de Conflictos en Entornos Educativos,755421
1923,Maestría en Docencia Superior Universitaria,755422
1924,Maestría en Educación Integral y Socioemocional,755423
60,Dirección y Gestión de Recursos Humanos,75650
142,Investigación de Mercados,75651
107,Educación Especial,75731
1927,Bootcamp IA,758582
163,Programa Prof. en Dermofarmacia,76031
163,Programa Prof. en Dermofarmacia,76031
163,Programa Prof. en Dermofarmacia,76031
193,Seguridad Clínica y Atención Sanitaria,76032
131,Gestión Ambiental y Eficiencia Energética,76033
171,Visual Analytics y Big Data,76034
151,Maestría en Dirección y Administración de Empresas,760670
151,Maestría en Dirección y Administración de Empresas,760671
151,Maestría en Dirección y Administración de Empresas,760682
151,Maestría en Dirección y Administración de Empresas,760683
151,Maestría en Dirección y Administración de Empresas,760750
151,Maestría en Dirección y Administración de Empresas,760751
405,P.D.P Big Data for Business,76679
179,Prevención de Riesgos Laborales,7672
20,Ciencias políticas y gestión pública,7673
7,Administración y Dirección de Empresas,7674
113,Máster de F.P. en Ensayos clínicos,76793
113,Máster de F.P. en Ensayos clínicos,76793
113,Máster de F.P. en Ensayos clínicos,76793
113,Máster de F.P. en Ensayos clínicos,76793
1982,MIU - MSBI (ES),769371
1984,MIU - MSDK (ES),769385
58,MBA,769457
58,MBA,769458
1942,Máster en Inteligencia Artificial en procesos industriales,769466
1944,Máster en IA para la transformación e innovación de negocio,769517
1945,Máster en IA para el sector financiero,769518
1947,Máster en IA para la ciencia del comportamiento,769520
1950,E.U. en Inteligencia Artificial en Educación,772592
133,Humanidades,7762
1951,Máster de F.P. en Derecho Inmobiliario y Real Estate,777087
1953,Máster de F.P. en Control de Gestión,777125
1954,Máster de F.P. en Dirección de Orquesta (Unipro),777126
1955,Máster de F.P. en Dirección de Procesos Estratégicos,777127
1956,Máster de F.P. en Inteligencia de Negocio,777128
1957,Máster de F.P. en Marketing Digital,777129
1958,Máster de F.P.en Dirección y Administración de Empresas (MBA),777130
1959,Máster de F.P. en Diseño y Gestión de Proyectos Tecnológicos,777131
1960,Máster de F.P. en Psicología Forense,777132
1961,Máster de F.P. en Dirección Comercial y Ventas,777133
1962,Máster de F.P. en Gestión de Riesgos,778260
1963,Innovación en Turismo,778261
1964,Técnico Superior en Educación Infantil,778270
1974,Inteligencia y Analítica de Negocio,783616
1985,Máster en UX/UI online,786014
1986,Máster en Legaltech,786015
1987,Máster en Marketing de Moda,786016
266,Máster en Nutrición Clínica Avanzada,78704
1991,Técnico Superior en Comercio Internacional,792488
1992,Técnico Superior en Documentación y Administración Sanitaria,792489
1993,Técnico Superior en Integración Social,792490
1994,Bachelor en Administración de Empresas,793009
1995,Bachelor en Ciencia de Datos,793010
1996,Bachelor en Informática,793011
1997,Bachelor en Ingeniería de Organización Industrial,793012
1998,Bachelor en Nutrición Humana y Dietética,793013
1999,Bachelor en Psicología,793014
2000,D.P.A. en Contabilidad y Administración,793015
2001,Especialización en Gestión Pública,793394
2002,Curso de IA de Marketing,793395
2003,Especialización en Educación Inclusiva,793396
2004,Maestría en Administración de Operaciones (SCM),793397
2005,Maestría en Dirección Comercial y Ventas,793398
2105,Especialización en Derechos Humanos,795877
2106,Programa Avanzado en Arquitecturas Cloud,795878
2111,Proyectos Periodísticos Digitales Avanzados,797436
2119,Curso de diseño creativo multimedia con IA,798780
2122,Especialización en Gestión Ambiental y Energética,801472
380,Maestría en Sistemas Integrados de Gestión,801497
2336,MIU - MCIB (EN),809477
2337,MIU - MSBI (EN),809570
2338,MIU - MSDK (EN),810116
2187,Epidemiología y Salud Poblacional,810646
138,Ingeniería matemática y computación,81121
2191,C.U. en Metodologías Activas y Aprendizaje Cooperativo,812047
2195,C.U. en Dislexia y Discalculia,812061
109,Educación Personalizada en la Sociedad Digital,81322
322,Mención en Pedagogía Terapéutica (Educación Especial) - Educación Primaria,81864
321,Mención en Enseñanza de la Lengua Inglesa,81865
321,Mención en Enseñanza de la Lengua Inglesa,81865
2201,Máster de F.P. en Psicología de la Salud y Atención Psicológica,820203
2205,Maestría en Auditoría de Cuentas,820339
2206,Maestría en Mercadotecnia Farmacéutica,820415
2208,Maestría en Comunicación Transmedia,820466
58,MBA,82637
207,Derecho Penal Económico,83121
2209,Maestría en Escritura Creativa,833036
2210,Maestría en Gestión del Patrimonio Cultural,833037
208,Máster en Ruby,83636
212,Programa Avanzado en Corporate Compliance,84046
291,E.U. Altas Capacidades y desarrollo del Talento,84346
216,Programa en Inteligencia artificial,84414
270,E.U. Cuidados Intensivos en Enfermería,84423
2213,Maestría en Prevención y Mediación de Conflictos en Entornos Educativos,845420
2214,E.U. en Adicciones Comportamentales,845421
2215,"E.U. en Prevención, Abordaje y Postvención de la Conducta Suicida",845422
210,C.C. Enseñanza de Filosofía y Valores Éticos,84832
393,D.G. en Maestro de Educación Infantil y Primaria,84920
2220,Maestría en Ingeniería de Software y Sistemas Informáticos (Internaciones),850784
2221,Máster en resolución de problemas complejos,855347
2222,Prog. Ex. en Chief Happiness Officer,855348
2223,Máster en Liderazgo y Desarrollo Personal,855644
2225,P.A. en Inteligencia Emocional,856783
2226,P.E. en Sostenibilidad ESG,856784
2227,Máster en Gestión de Riesgos,856840
2228,Máster en Coaching y Mentoring,857121
2229,Progr. en Inteligencia Artificial en Educación,857739
2238,P.E. en Derecho Concursal y Reestructuraciones,870695
2239,P.E. en Corporate Compliance,870696
151,Maestría en Dirección y Administración de Empresas,87172
151,Maestría en Dirección y Administración de Empresas,87173
196,Sistemas Integrados de Gestión,8788
2240,P.A. en Inteligencia Artificial para Desarrolladores,878977
2249,Maestría Internacional en Neuromarketing (Internaciones),889383
2250,Maestría Internacional en Sistemas Integrados de Gestión (Internaciones),889384
2252,Maestría en Docencia Universitaria (México),890249
2255,Maestría en Energias Renovables ,890256
2256,Maestría en Seguridad Pública,890257
2263,Pregrado en Derecho,892837
2289,Maestría Internacional en Desarrollo y Operaciones de Software (DevOPs),893736
2295,Maestría en Negocios Internacionales y Comercio Exterior (Internaciones),893744
2297,Maestría Internacional en Comunicación y Marketing Político,893908
2298,Maestría Internacional en Gestión de Riesgos Financieros,893909
2299,Maestría Internacional en Comunicación Corporativa,893910
48,Derecho,8973
198,Trabajo social,8974
2326,Especialización en Educación Musical,899635
2331,Especialización en Gestión de Centros Sociales,903817
2344,Especialización en TIC para la Enseñanza,918483
280,PDD - Programa de Desarrollo Directivo,97788
