idCurso,Curso,abreviaturaCurso,habilitado
100047,100047-MBA + PSU Marketing Digital,MBAEspMarketing-100047,si
101286,101286-Máster Universitario en Comunicación y Marketing Político,ComunicMkPolitic-101286,si
10181,10181-Máster Universitario en Intervención Social en las Sociedades del Conocimiento,IntervencionSocial-10181,si
103557,103557-Licenciatura en Administración de Empresas (Plan 2016),LicAde-103557,si
103562,103562-Máster Universitario en Diseño Gráfico Digital,DisenoGraficoDigital-103562,si
104045,104045-Grado en Nutrición Humana y Dietética,NutriciHumanaDietet-104045,si
104046,104046-Máster Universitario en Psicopedagogía - CUNIMAD,Psicopedagogia-104046,si
104708,104708-Máster en Fisioterapia en el dolor cráneo-cervical y orofacial,FisioteCreaneoCervic-104708,si
10509,"10509-Máster Universitario en Formación del Profesorado en Educación Secundaria, Bachillerato, Formación Profesional y Enseñanza de Idiomas",EduSecundBachyFP-10509,si
10519,10519-Máster Universitario en E-Learning y Redes Sociales,ElearningRrss-10519,si
106670,106670-Máster Universitario en Musicoterapia,Musicoterapia-106670,si
107019,107019-Máster en Facility BIM Manager,FacilityBimManager-107019,si
109074,109074-Experto en Project Management en Investigación Clínica,ProjectManagerCROs-109074,si
109076,"109076-Máster Nutrición, Obesidad y Técnicas Culinarias",NutricionObesidad-109076,si
111414,111414-Experto Universitario en Técnicas de Litigación en Juicio,TecLitigacionJuicio-111414,si
111423,111423-Licenciatura en Comunicación (Plan 2016),LicComunicacion-111423,si
111944,111944-Doble Grado en Derecho y Ciencias Políticas,DGderechoYPoliticas-111944,si
11209,11209-Máster Universitario en Dirección e Ingeniería en Sitios Web,DirIngenieriSitioWeb-11209,si
112188,112188-Máster Universitario en Derecho de Familia,DerechodeFamilia-112188,si
112217,112217-Maestría mexicana en Diseño y Gestión de Proyectos Tecnológicos,DisenGestProyectTec-112217,si
112218,"112218-Maestría en Aprendizaje, Cognición y Desarrollo Educativo",AprendizajCogniDesEd-112218,si
112219,112219-Maestría mexicana en Marketing Digital,MkDigitComerciElec-112219,si
112306,112306-Mención en Educación Física,MencionEduFisica-112306,si
112307,112307-Mención en Educación Musical,MencionEduMusical-112307,si
113596,113596-Maestría mexicana en Dirección y Administración de Empresas (MBA) con Orientación en Marketing Digital,MbaEspMarketDig-113596,si
115361,115361-MBA + Curso Universitario Avanzado en Dirección de Proyectos,MBAEspDirProyect-115361,si
115692,115692-Programa en Transformación Digital,TransfomacionDigital-115692,si
115693,115693-Programa en Dirección y Gestión de la Innovación,GestionInnovacion-115693,si
115697,115697-Maestría mexicana en Dirección y Administración de Empresas (MBA) + Dirección de Proyectos,MbaEspDirProyect-115697,si
115801,115801-Máster Universitario en Dirección e Intervención Sociosanitaria,DirIntervenSocioSan-115801,si
121153,121153-Curso en Google for Education,CuGoogleForEducati-121153,si
121186,121186-Máster Universitario en Educación Inclusiva e Intercultural,EducaInclusivInter-121186,si
121188,121188-Máster en Marketing Analytics,MarketingAnalytics-121188,si
121676,121676-Máster Universitario en Estudios Avanzados en Terrorismo: Análisis y Estrategias,EATerrorismo-121676,si
121702,121702-Máster Universitario en Inteligencia Artificial,InteligArtificial-121702,si
121804,121804-MU en Business Process Management (BPM),BusinessProcessManag-121804,si
122230,122230-Maestría mexicana en Dirección y Gestión de Recursos Humanos,Rrhh-122230,si
122231,122231-Maestría mexicana en Dirección de Operaciones y Calidad,DirOperacionesCalid-122231,si
122232,122232-Maestría mexicana en Sistemas Integrados de Gestión,SistemIntegrGestSIG-122232,si
122233,122233-Grado en Teatro,Teatro-122233,si
128468,128468-Programa Executive en Campañas Electorales,EACampanasElectora-128468,si
129998,129998-Experto Universitario en Desarrollo de Aplicaciones Blockchain,DesarrollAppBlockch-129998,si
130010,130010-Programa Avanzado en Prevención de Blanqueo de Capitales y Financiación del Terrorismo,EAPrevencionBlanCap-130010,si
130057,130057-Mención en Pedagogía Terapéutica (Educación Especial) del Grado en Maestro en Educación Infantil,MencPedagogiaTerap-130057,si
130144,130144-Máster Universitario en Métodos de investigación en Educación,MetodosInvestEdu-130144,si
130492,130492-Doble MBA UNIR México + MBA MIU City University Miami (EE.UU),ImbaOnline-130492,si
130494,130494-Máster de Formación Permanente en Coaching y Mentoring,CoachingMentoriEjec-130494,si
130618,130618-MU en Mecánica de Fluidos,MecanicadeFluidosCom-130618,si
130619,130619-Experto Universitario en Packaging y Ecodiseño Digital,PackagingEcodisenDig-130619,si
130620,130620-Experto Universitario en Investigación en Ciencias de la Computación ,InvCiencComputacion-130620,si
130900,130900-Máster Universitario en Composición Musical con Nuevas Tecnologías,ComposMusicalTecnolg-130900,si
130999,130999-Young Professional MBA,MBAFullTime-130999,si
131001,131001-DESCATALOGADO MBA Full Time 100% english,MBAFullTimeIngles-131001,si
131003,131003-Grado en Finanzas y Contabilidad,FinanzaContabiFICO-131003,si
13300,13300-Máster Universitario en Creación de Guiones Audiovisuales,CreacionGuionAudiov-13300,si
133499,133499-Máster Universitario en Dirección y Administración de Empresas - Executive MBA,MBAEspDirectivos-133499,si
135197,135197-Máster Universitario en Industria 4.0,Industria40-135197,si
138762,138762-Executive Master in Business Administration (EMBA),MbaUtive-138762,si
13945,13945-MU en Diseño y Gestión de Proyectos Tecnológicos,DisenoGestProyTec-13945,si
14078,14078-Máster Universitario en Neuropsicología y Educación,NeuropsicologiaEduca-14078,si
141686,141686-Curso en Metodologías activas e Innovación educativa,CuFPMetodActivInnoEd-141686,si
143289,143289-Curso Universitario Avanzado en Desafíos del Orden Global: El Futuro de  Europa,EADesafioOrdenGlobEu-143289,si
14500,14500-Experto Universitario en Ortopedia para Farmacéuticos,OrtopediaFarmaceut-14500,si
145596,145596-Programa Avanzado en Lean Management,LeanManagement-145596,si
146034,146034-Mención en Audición y Lenguaje,MencionAudicLenguaje-146034,si
146477,146477-Máster Universitario en Derecho del Trabajo y de la Seguridad Social,DerechoTrabjSeguSoc-146477,si
147355,147355-Máster Universitario en Diseño Industrial y Desarrollo de Producto,DisenoIndustryProd-147355,si
147451,147451-Grado en Maestro en Educación Infantil (Grupo Bilingüe),EduInfantilBilingue-147451,si
147452,147452-Grado en Maestro en Educación Primaria (Grupo Bilingüe),EduPrimariaBilingue-147452,si
147572,147572-Máster Universitario en Dirección Comercial y Ventas,DirComercialyV-147572,si
147573,147573-Máster Universitario en Dirección del Comercio Exterior e Internacionalización de Empresas,DirComExtInternEmpre-147573,si
147574,147574-Grado en Recursos Humanos y Relaciones Laborales,rrhhRelacionesLab-147574,si
147575,147575-Máster Universitario en Transformación Digital,TransformacDigital-147575,si
149621,149621-Pregrado en Ingeniería Informática,PregradIngInformatic-149621,si
149657,149657-Programa Avanzado en Inbound Marketing & Copywriting,CopywritingInboundMk-149657,si
151390,151390-Máster Universitario en Dirección de Marketing,DirMarketingEstra-151390,si
151635,151635-Maestría mexicana en Análisis y Visualización de Datos Masivos,AnalisVisuaDatoMasiv-151635,si
151636,151636-Maestría mexicana en Ingeniería de Software y Sistemas Informáticos,IngSoftwareSistInfor-151636,si
151637,151637-Maestría mexicana en Neuromarketing,MaestrNeuromarketing-151637,si
151639,151639-Maestría mexicana en Teatro y Artes escénicas,TeatroArtesEscenic-151639,si
151948,151948-Máster Universitario en Control de Gestión / Controlling,Controlling-151948,si
152989,152989-Programa en Resolución de Problemas Complejos,ResolucionProblCompl-152989,si
153545,153545-Maestría en Educación Inclusiva e Intercultural,EducaInclusivIntercu-153545,si
153546,153546-MAESTRÍA EN ORIENTACIÓN EDUCATIVA FAMILIAR,OrientacionEducFam-153546,si
153547,153547-Maestría mexicana en Dirección y Administración de Salud,DirAdminSalud-153547,si
153548,153548-Maestría mexicana en Dirección y Administración de Equipos de Salud,DirAdminEquipSalud-153548,si
154517,154517-Experto Universitario en Intervención en Adicciones Tecnológicas y Drogodependencias,AdiccionTecnolog-154517,si
155187,155187-Experto Universitario en Genética Clínica y Medicina Personalizada,GeneticClinicMedPers-155187,si
159491,159491-Maestría en International MBA (México/USA) Online,IMBAmexUsa-159491,si
159890,159890-Programa Avanzado en EMPRENDIMIENTO DIGITAL,EAEmprendiDigit-159890,si
159932,159932-Grado en Educación Social,EducacionSocial-159932,si
159934,159934-Máster Universitario en Estudios Avanzados en Literatura Española y Latinoamericana,EALiteratuEspLatam-159934,si
159937,159937-Curso en Aprendizaje Personalizado,CuAprendizajePerso-159937,si
160363,160363-Máster Universitario en Gestión y Emprendimiento de Proyectos Culturales,GestEmprProyectCult-160363,si
160364,160364-Doble Grado en Maestro en Educación Primaria y Pedagogía,DGenPrimariayPedag-160364,si
160365,160365-Doble Grado en Maestro en Educación Infantil y Pedagogía,DGenInfantilyPedag-160365,si
163657,163657-Grado en Matemática Computacional,MatematicaComputacio-163657,si
164755,164755-Máster Universitario en Inteligencia de Negocio,InteligenciadeNegoci-164755,si
166670,166670-MBA + PSU Emprendimiento,MBAEspEmprendim-166670,si
170326,170326-Máster Universitario en Derechos Humanos: Sistemas de Protección,DerechoHumanoSistPro-170326,si
170339,170339-Máster Universitario en Asesoría Fiscal,AsesoriaFiscal-170339,si
17086,17086-Curso de Cualificación para la Enseñanza de Geografía e Historia,CCEnsGeoHistoria-17086,si
171200,171200-Máster Universitario en Bioética,Bioetica-171200,si
171201,"171201-Máster de Formación Permanente en Anestesia Pediátrica, Dolor y Cuidados Intensivos en Perioperatorios",AnestesiaPediatric-171201,si
171202,171202-Grado en Logopedia,LogopediaC-171202,si
171203,171203-Grado en Óptica y Optometría,OpticaOptiometria-171203,si
171638,171638-Máster Universitario en Salud Visual y Optometría Avanzada,SaludVisualOptiometr-171638,si
171666,171666-Máster en Alimentación y Nutrición en la Actividad Física y el Deporte,AlimentaNutriDeport-171666,si
173054,173054-Pregrado en Administración de Empresas,PregradoAde-173054,si
173055,173055-Pregrado en Contaduría Pública,ContaduriaPublica-173055,si
173339,173339-Máster Universitario en Dirección en la Gestión Pública,DirGestionPubli-173339,si
177467,177467-Programa Avanzado en RRHH Digital,PARrhhDigital-177467,si
177486,177486-Programa en Dirección Comercial y Ventas,DirComyVentas-177486,si
178849,178849-Programa Avanzado en Blockchain Aplicado a Negocio,BlockchainAplicNegoc-178849,si
178889,178889-Curso Universitario en Didáctica de la Catequesis,DidacticCatequesis-178889,si
178890,178890-Curso en Aprendizaje Basado en Proyectos (ABP) y Gamificación en el aula,CuFpGamificaciAula-178890,si
178900,178900-Curso Universitario Avanzado en Transformación Digital para Directivos,EspTransfDigital-178900,si
179052,179052-Experto Universitario en Docencia Universitaria Online,DocenciaUnivOnline-179052,si
179053,179053-Máster en Filosofía y Religión según el pensamiento de Joseph Ratzinger,FiloReligJRatzinger-179053,si
179360,179360-Especialidad en Big Data Marketing,EspBigDataMarketing-179360,si
179469,179469-Máster Universitario en Humanidades Digitales,HumanidadesDigitales-179469,si
179520,179520-Máster Universitario en Gestión Empresarial en la Industria Musical,GestEmpreIndustrMusi-179520,si
179521,179521-Grado en Traducción e Interpretación,TraduccionInterpret-179521,si
17979,17979-Curso Universitario en Metodología CLIL (AICLE),CuMetodlgCLIL-17979,si
180233,180233-Especialidad en People Analytics,EspPeopleAnalytics-180233,si
180237,180237-Programa Superior Universitario en Business Intelligence,EspBusinessIntellig-180237,si
180238,180238-MBA + PSU Business Intelligence,MBAEspBusinessIntell-180238,si
180239,180239-Máster en Business Intelligence,BusinessIntellig-180239,si
180244,180244-Doble Grado en ADE + Finanzas y Contabilidad,DGenADEyFinanzas-180244,si
180843,"180843-Máster de FP en Detective Privado, Informática Forense y Ciberinvestigación",DetectivePrivado-180843,si
182635,182635-Curso de Adaptación al Grado en Maestro en Educación Primaria para Diplomados,AdaptMaestroEduPrim-182635,si
182637,182637-Máster Universitario en Enseñanza de Inglés como Lengua Extranjera / Master´s Degree in Teaching English as a Foreign Language,EnsenanzadeIngles-182637,si
183143,183143-Curso de Adaptación al Grado en Maestro en Educación Infantil para Diplomados,AdaptMaestroEduInf-183143,si
183848,183848-Máster Universitario en Psicoterapia: Terapias de Tercera Generación,PsicoterapiaTerapia-183848,si
183849,183849-Máster Universitario en Neuropsicología Clínica,NeuropsicologiaClini-183849,si
183850,183850-Máster Universitario en Avances en Oncología y Hematología Pediátricas,OncologiaHematPediat-183850,si
184153,184153-Máster Universitario en Arbitraje Internacional,ArbitrajeInternacion-184153,si
184676,184676-Máster Universitario en Atención Temprana y Desarrollo Infantil,AtencionTempDesInfan-184676,si
185516,185516-Pregrado en Marketing y Publicidad,MarketingYPubli-185516,si
185517,185517-Pregrado en Administración de la Seguridad y Salud en el Trabajo,AdminSeguSaludTrabaj-185517,si
185518,185518-Especialización en Alta Gerencia,EspAltaGerencia-185518,si
185975,185975-Máster Universitario en Comunicación Transmedia,ComunicTransMed-185975,si
185976,185976-Máster Universitario en Inteligencia de Marketing,InteligenciaMarket-185976,si
185977,185977-Máster Universitario en Comunicación y Visualización de Datos,ComunicVisuaDatos-185977,si
18802,18802-Curso de Adaptación de Trabajo Social (curso puente),AdapTrabjSocial-18802,si
19050,19050-MU en Ciberseguridad,SeguridadInformatica-19050,si
191197,191197-Máster Universitario en Diseño y Desarrollo de Videojuegos,DisDesarroVideojueg-191197,si
191386,191386-Programa en Desafíos del Orden global: El Futuro de América Latina,FuturoDeLatam-191386,si
191387,191387-Programa Avanzado en Finanzas para Directivos,EAFinanzaDirectivos-191387,si
191388,191388-Experto Universitario en Modelado y Animación 3D para Motion Graphics,ModeladoAnimacion3d-191388,si
191390,191390-Programa Avanzado en Legaltech,PALegaltech-191390,si
196551,196551-Curso de Evaluación en Educación: instrumentos y procedimientos,CuFormPermanentEduc-196551,si
196722,196722-Maestría en Dirección y Administración de Empresas – EMBA Intensivo,MBAdirectivos-196722,si
198821,198821-Programa en Dirección y Gestión de Universidades,GestionUniversidades-198821,si
198822,198822-Especialización en Dirección y Gestión de Proyectos,EspDirGestdeProyect-198822,si
19921,19921-Máster Universitario en Dirección y Administración de Empresas (MBA),MBA-19921,si
20127,20127-Curso de cualificación para la enseñanza de Lengua y Literatura,CCEnsLenguaLit-20127,si
202024,202024-Máster en Gestión y Servicios Profesionales en Farmacia Comunitaria ,GestServProfFarmaCom-202024,si
203811,203811-Grado en Publicidad,Publicidad-203811,si
205876,205876-Máster Universitario en Derecho Penal Internacional y Transnacional,DerechoPenalInternac-205876,si
207737,207737-Programa de Dirección de Empresas Alimentarias,DirEmpresAlimentaria-207737,si
20985,20985-Grado en Criminología ,Criminologia-20985,si
20987,20987-Máster Universitario en el Ejercicio de la Abogacía y la Procura,EjercicioAbogacia-20987,si
210169,210169-Maestría mexicana en Neuropsicología,MaestriaNeuropsicolo-210169,si
216803,216803-Máster Universitario en Retórica y Oratoria,RetoricayOratoria-216803,si
217130,217130-Máster Universitario en Diseño y Producción Multimedia,DisenoProduccionMult-217130,si
217642,217642-Programa Avanzado en People Analytics y Big Data en Recursos Humanos,PeopleAnalyBDataRrhh-217642,si
217644,217644-Máster de Formación Permanente en Derecho Deportivo,DerechoDeportivo-217644,si
217645,217645-Máster de F. P. en Preparación Física y Readaptación Deportiva en Fútbol,PreparFisicReadapFut-217645,si
218185,218185-Máster Universitario en Comercio Electrónico,ComercioElectronico-218185,si
218186,218186-Máster Universitario en Gestión de Riesgos Financieros,GestiondeRiesgosFina-218186,si
218813,218813-Máster Universitario en Negocios Digitales / Digital Business,NegociosDigitalBusin-218813,si
220546,220546-Curso en Introducción a la Robótica Creativa,CuIntroRobotiCreativ-220546,si
220547,220547-Curso en Desarrollo del Pensamiento Creativo,CuDesarrollPensCreat-220547,si
220548,220548-Curso en Resolución de Conflictos en el Aula,CuResoluciondeConf-220548,si
220549,220549-Curso Universitario en Educación en Competencias Digitales,CuEducacionDigit-220549,si
220550,220550-CURSO EN EVALUACIÓN POR COMPETENCIAS,CuEvaluacPorCompet-220550,si
220551,220551-Programa Avanzado en DevOps & Cloud,DevopsCloud-220551,si
221167,221167-Experto Universitario en Marketing Educativo y Comunicación,MkEduComunic-221167,si
221168,221168-Máster Universitario en Dirección de Procesos Estratégicos,DirProcesosEstra-221168,si
222420,"222420-Programa Avanzado en CRO, UX & Analytics",CroUxAnalytics-222420,si
222421,222421-Programa Avanzado en Marketing Automation,MarketingAutomation-222421,si
222422,222422-Programa Executive en People Analytics & HR Analytics,PeopleAnalyticsHr-222422,si
222423,222423-Máster de Formación Permanente en Liderazgo y Desarrollo Personal,LiderazgoDesarrPers-222423,si
222424,222424-Programa Executive en Reputación Corporativa y Liderazgo,ReputacionCorpLidera-222424,si
224733,224733-Experto Universitario en Trastorno del Espectro Autista ,TrasEspecAutista-224733,si
225483,225483-Máster en Interpretación y composición de Jazz y música Moderna,InterpretComJazzMus-225483,si
225484,225484-Máster de Formación Permanente en Estudios Bíblicos,EstudioBiblicos-225484,si
225485,225485-Máster en Orígenes del Cristianismo,OrigenCristianismo-225485,si
225486,225486-Máster en Fotografía de Eventos e Imagen Corporativa,FotografEventImgCorp-225486,si
225489,225489-MU en Dirección y Gestión de TI,DirGestionTecInf-225489,si
225566,225566-Máster Universitario en Cooperación Internacional al Desarrollo: Gestión y Dirección de Proyectos,CoopIntGestDirProyec-225566,si
225567,225567-Máster Universitario en Pedagogía Musical,PedagogiaMusical-225567,si
22613,22613-Máster de Formación Permanente en Mediación y Gestión de Conflictos,MasterenMediacion-22613,si
22890,22890-Curso de Adaptación del Grado en Administración y Dirección de Empresas para diplomados,AdapADE-22890,si
230086,230086-Programa en Metodologia OKR,MetodologiaOKR-230086,si
230116,230116-Experto Universitario en Postproducción Digital y Edición Fotográfica,PostproducDigEdiFoto-230116,si
230117,230117-Máster de Formación Permanente en Metodologías Ágiles,MetodologiasAgiles-230117,si
231714,231714-Especialización en Gestión de la Seguridad y Salud en el Trabajo,EspGestSeguSaludTrab-231714,si
231715,231715-Licenciatura en Educación Infantil,LicEducaInfantil-231715,si
231720,231720-Programa Executive en Chief Happiness Officer,ChiefHappCHO-231720,si
231723,231723-Máster en Marketing Deportivo,MarketingDeportivo-231723,si
231731,231731-Experto Universitario en Preparación Física en Fútbol,PrepFisicaFutbol-231731,si
231915,231915-Máster en Fotografía Publicitaria,FotografiaPublicit-231915,si
231963,231963-Experto Universitario en Marketing Digital 360,DigitalMk360-231963,si
231964,231964-Experto Universitario en Readaptación Deportiva en Futbol,ReadaptDeporFutbol-231964,si
231969,231969-Máster Universitario en Asesoramiento Financiero y Bancario,AsesoFinanciBanca-231969,si
232202,232202-Programa Executive en Comunicación Estratégica Corporativa,ComunicEstrategCorpo-232202,si
23233,23233-Máster Universitario en Psicopedagogía,PsicopedagogiaEduc-23233,si
232721,232721-Pregrado en Negocios Internacionales,PregradNegocioIntern-232721,si
233104,233104-Curso Universitario en Transformación Digital del Aprendizaje,TransfDigitCentroEdu-233104,si
235610,235610-Programa en Compliance Laboral y Planes de Igualdad,CompliancLabPlanIgua-235610,si
247330,247330-Tech MBA,MBAEspTech-247330,si
24879,24879-Grado en Psicología,Psicologia-24879,si
253573,253573-Especialidad de UX & Research,EspUxYResearch-253573,si
253577,253577-Máster Universitario  en Diseño y Desarrollo de Videojuegos + Especialidad en Diseño de Experiencia de Usuario,EspUx-253577,si
25380,25380-Grado en Ingeniería Informática,IngenieriaInformatic-25380,si
255285,255285-Curso Universitario en Orientación educativa familiar,CuOrientEduFamliar-255285,si
255286,255286-Curso Universitario en Gestión de Centros Escolares,CuGestCentroEscolar-255286,si
257237,257237-Pregrado en Administración en Salud,AdminEnSalud-257237,si
257701,257701-Doble Grado en Marketing + ADE,DGenMarketingyADE-257701,si
257702,257702-Máster Universitario en Escritura Creativa,EscrituraCreativa-257702,si
25829,25829-Curso de adaptación del Grado en Educación Social (Plan 2012),AdaptGradoEduSoc-25829,si
258990,258990-Grado Oficial To.Do Empresa,GradoOficialToDo-258990,si
258991,258991-Máster Universitario en Educación del Carácter y Educación Emocional,EducCaracterEmocion-258991,si
259110,259110-Máster Universitario en Derecho Ambiental,DerechoAmbiental-259110,si
259111,259111-Máster Universitario en Derecho Corporativo Colombiano,DerechoEmpresaCol-259111,si
259112,259112-Máster Universitario en Ciberdelincuencia,Ciberdelincuencia-259112,si
260238,260238-Especialista Universitario en UX & Research,UxYResearch-260238,si
26027,26027-Programa Avanzado en Inteligencia Emocional,InteligenciaEmocio-26027,si
26368,26368-Grado en Música,Musica-26368,si
27024,27024-Máster Universitario en Cuidados Paliativos Pediátricos,CuidadoPaliativoPed-27024,si
27391,27391-Maestría en Cloud Computing,CloudComputing-27391,si
275224,275224-Máster Universitario en Emprendimiento de Negocios de Base Tecnológica,EmprendimNegoGestTec-275224,si
277430,277430-Curso Universitario Microsoft Innovative Educator (MIE),CuEducInnovMicrosoft-277430,si
277432,277432-Curso Universitario en Aprendizaje Colaborativo y Cooperativo,CuAprendizajeCoope-277432,si
277466,277466-Experto Universitario en Trauma y EMDR,TraumayEmdr-277466,si
277473,277473-Curso Universitario Microsoft Innovative Educator Expert (MIE Expert),CuExpInnovMicrosoft-277473,si
27763,27763-Licenciatura en Derecho,LicDerecho-27763,si
27764,27764-Licenciatura en Administración de Empresas,LicAde-27764,si
27766,27766-Licenciatura en Comunicación,LicComunicacion-27766,si
27767,27767-Licenciatura en Ciencia Política y Administración Pública,LicCiencPolitAdmPub-27767,si
277762,277762-Certificado Oficial en Formación Pedagógica y Didáctica para Técnicos de Formación Profesional (COFPYD),CertifFormPedDidFP-277762,si
278232,278232-Curso en Acoso Escolar y Riesgos de Internet para la Generación Z,AcosEscoInterntGenZ-278232,si
27848,27848-DESCATALOGADO Curso universitario en Derecho Penal,DerechoPenal-27848,si
278947,278947-Máster Universitario en Psicología Forense,PsicologiaForense-278947,si
278963,278963-Máster Universitario en Gestión de Marca,GestiondeMarca-278963,si
279563,279563-Programa Avanzado en Comunicación Interna  ,EAenComunInterna-279563,si
281294,281294-Maestría mexicana en Administración Pública,AdminPublica-281294,si
281295,281295-Maestría en Educación (18 meses),Educacion-281295,si
281296,281296-Maestría mexicana en Finanzas,Finanzas-281296,si
281297,281297-Maestría mexicana en Inteligencia Artificial,InteligArtifici-281297,si
281298,281298-Maestría mexicana en Inteligencia de Negocios,InteligenciaNegocio-281298,si
281299,281299-Maestría mexicana en Juicios Orales,JuiciosOrales-281299,si
281300,281300-Maestría mexicana en Mercadotecnia,Mercadotecnia-281300,si
281301,281301-Maestría mexicana en Protección de Datos,ProteccionDatos-281301,si
281302,281302-Máster Universitario en Evaluación de la Calidad y Procesos de Certificación en Educación Superior,EvaCalidadProcEduSup-281302,si
286666,286666-Experto en Psicología Positiva,PsicologiaPositiva-286666,si
287811,287811-Programa Superior Universitario en inglés jurídico TOLES,InglesJuridico-287811,si
287899,287899-Máster de Formación Permanente en Coaching  Deportivo,CoachingPsicDeport-287899,si
288677,288677-Especialidad mexicana en Alta Gerencia,EspecAltaGerencia-288677,si
291636,291636-Programa Avanzado en Medios de Pago Digitales,PAenMediosdePagoDig-291636,si
291637,291637-Programa Avanzado en Cloud Computing. Arquitecturas y Soluciones,CloudComputingAws-291637,si
291639,291639-Programa Avanzado en Consejos de Administración,PAenConsejodeAdmin-291639,si
291640,291640-Máster de Formación Permanente en Dirección y Pedagogía Coral,DirPedagogiaCoral-291640,si
292094,292094-Experto Universitario en Dirección de Coros,DireccionCoros-292094,si
293179,293179-Máster en Fotografía Artística y Narrativa Visual,FotorgrafiaDocument-293179,si
307485,307485-MBA + Especialista en Dirección y Gestión de Entidades Deportivas,MBAEspEntidadDeport-307485,si
307487,307487-Curso Universitario Avanzado en Tech MBA,EspTechMba-307487,si
307928,307928-Máster de Formación Permanente en Marketing de Moda,MarketingModa-307928,si
308923,308923-Curso Universitario en Modelo Flipped Classroom,CuFlippedClassroom-308923,si
308926,"308926-Curso universitario Ecosistemas de aprendizaje digital (Apple, Google y Microsoft)",EcosistAprendizDig-308926,si
308927,308927-Curso Universitario en Administración de Google Workspace para Educación,CuAdminGooglWorkEdu-308927,si
311398,311398-Grado en Historia y Geografía,HistoriayGeografia-311398,si
314901,314901-Experto Universitario en Gestión y Organización de Empresas Saludables,EmpresaSaludable-314901,si
31581,31581-Máster Universitario en Derecho Matrimonial Canónico,DerechoMatrimonCanon-31581,si
316915,316915-Máster Universitario en Intervención Psicológica en Niños y Adolescentes,IntervPsicologNinos-316915,si
316916,316916-Máster Universitario en Investigación en Psicología,InvestigacionenPsico-316916,si
317443,317443-Máster Universitario en Innovación Educativa,InnovacionEducativa-317443,si
317504,317504-Executive Master en Dirección Financiera,DirGestFinancier-317504,si
317505,317505-Executive Master en Dirección de Recursos Humanos,DirGestRrhhEMDGHR-317505,si
317506,317506-Executive Master en Dirección de Marketing y Ventas,MkDigEcomerce-317506,si
317507,317507-Executive Master en Dirección de Transformación Digital,TrasnformDigitaInnov-317507,si
318072,318072-Grado en Historia del arte,HistoriadelArte-318072,si
318073,"318073-Grado en  Filosofía, Política y Economía",FilosofiaPoliticaEco-318073,si
318184,318184-Grado en Física,Fisica-318184,si
318206,318206-Grado en Ciencia de Datos,CienciadeDatos-318206,si
318207,318207-MU en Desarrollo y Operaciones (DevOps),DevOps-318207,si
318208,318208-Máster Universitario en Internet de las cosas (IoT),InternetCosasIoT-318208,si
319898,319898-Máster Universitario en Astrofísica y Técnicas de Observación en Astronomía,AstrofisicAstronomia-319898,si
319899,319899-Máster Universitario en Dirección de Comercio Minorista Omnicanal,DirComercMinoriOmni-319899,si
32010,32010-Grado en Marketing,MarketingComerIntern-32010,si
32015,32015-Máster Universitario en Estudios Avanzados de Teatro,EAdeTeatro-32015,si
32021,32021-Programa Avanzado en Nutrición Deportiva,NutricionDeportiv-32021,si
32181,32181-Experto Universitario en Cuidados Paliativos,CuidadosPaliativ-32181,si
32223,32223-Máster Universitario en Diseño de Experiencia de Usuario,DisenoExpeUsusario-32223,si
322829,322829-Metodología Clínica Jurídica. La Dimensión Práctica del Derecho,EspMetodolClinicJur-322829,si
322831,322831-Emprendimiento Tecnológico. Transformación Digital,EspEmpredimientTecno-322831,si
327610,327610-Máster en Prevención y Cáncer Hereditario,CancerHereditario-327610,si
327611,327611-Máster de Formación Permanente en Dirección y Gerencia de Oficina de Farmacia,GestOficinaFarmacia-327611,si
327613,327613-Máster en Avances en Enfermedades Infecciosas y Antimicrobianos,EnfermedadesInfeccio-327613,si
327614,327614-Experto Universitario en Redacción Científica,RedaccionArticulosCi-327614,si
327646,327646-Experto Universitario en Intervención en trauma: EMDR,IntervencTraumaEmdr-327646,si
328059,328059-Especialización en Gestión Humana,EspGestionHumana-328059,si
329398,329398-Máster Universitario en Auditoría de Cuentas,AuditoriaCuentas-329398,si
329421,329421-Máster Universitario en Derecho de la Ordenación del Territorio y del Urbanismo,DerechoOrdenacUrbani-329421,si
329674,329674-Máster Universitario en Metodología de la  Investigación en Ciencias de la Salud,MetodoInvesSalud-329674,si
33044,33044-Máster de Formación Permanente en Project Management (PMP)®,ProjectManagementPMP-33044,si
330659,330659-Grado en Producción Audiovisual,ProduccionAudiovisu-330659,si
333223,333223-Especialización en Marketing Digital,EspMarketingDigit-333223,si
33485,33485-Curso de Preparación para la Certificación PMP,CuCertifPmp-33485,si
33570,33570-Master Universitario en Dirección y Gestión Financiera,DirAsesoFinanc-33570,si
33572,33572-Máster Universitario en Marketing Digital,MkDigitalComerciElec-33572,si
337437,337437-Máster Universitario en Prevención y Mediación de Conflictos en Entornos Educativos,PrevMediaConflictEdu-337437,si
337613,337613-MU en Dirección y Gestión Financiera – Executive,DirGestFinancDirecti-337613,si
337614,337614-MU en Dirección y Gestión de Recursos Humanos – Executive,DirGestRRHHexcutive-337614,si
337876,337876-Máster de Formación Permanente en Investigación en Experiencia de Usuario,InvestigExpeUsuario-337876,si
338075,338075-Máster Universitario en Dirección y Gestión Deportiva,DirGestionDeportiv-338075,si
338083,338083-Master en Coaching y Mentoring,CoachingMentoring-338083,si
338084,338084-Master en Coaching y Psicología Deportiva,CoachingMentoringDep-338084,si
338088,338088-Máster de Formación Permanente en Dirección de Orquesta,DirdeOrquesta-338088,si
338089,338089-Máster de Formación Permanente en Filosofía y Religión según Joseph Ratzinger,PersSociJRatzinger-338089,si
33808,33808-Licenciatura en Pedagogía,LicPedagogia-33808,si
338511,338511-Máster Universitario en Marketing Farmacéutico,MarketingFarmaceutic-338511,si
338555,338555-Grado en Marketing,GradoMarketing-338555,si
34170,34170-Experto Universitario en Trastorno por Déficit de Atención e Hiperactividad (TDAH),TDAH-34170,si
344177,344177-Especialista Universitario en Metodologías Activas y Ecosistemas Digitales de Aprendizajes,MetodoActivEcosisDig-344177,si
34687,34687-Máster Universitario en Investigación Musical,InvestigacionMusical-34687,si
348318,348318-Experto Universitario en Metodologías Activas y Aprendizaje Personalizado,MetodActivaAprenPers-348318,si
348319,348319-Experto Universitario en Ecosistemas Digitales de Aprendizaje,EcosistDigAprendiz-348319,si
35160,35160-Máster Universitario en Fiscalidad Internacional,FiscalidadInternacio-35160,si
352519,352519-Experto Universitario en Apreciación Musical,ApreciacionMus-352519,si
352540,352540-Máster de Formación Permanente en Digital Marketing 360,DigitalMarketing360-352540,si
352541,352541-Experto Universitario en Nutrición de Precisión y Epidemiología Nutricional,NutricionPrecisEpid-352541,si
352968,352968-Máster Universitario en Victimología y Criminología Aplicada,VictimologiayCrimino-352968,si
352969,352969-Máster Universitario en Derecho Digital,DerechoDigital-352969,si
352970,352970-Máster Universitario en Derecho de la Energía y Transición Energética,DerechoEnergTransaci-352970,si
352973,352973-Executive Master en Dirección de Industrias Agroalimentarias (EMDIA),ExecIndusAgroaliment-352973,si
352994,352994-Maestría en Administración de Negocios (MBA),AdminNegocMba-352994,si
352995,352995-Maestría en Derecho de la Empresa,DerechoDeLaEmpresa-352995,si
352996,352996-Maestría en Gestión Minera y Ambiental,GestMineraAmbient-352996,si
352997,352997-Maestría en Gestión de Tecnologías de la Información,GestTecnologiaInform-352997,si
35337,35337-Grado en Ingeniería en Organización Industrial ,IngenieriaIndustrial-35337,si
35444,35444-Máster Universitario en Propiedad Intelectual e Industrial,Propiedadintelectual-35444,si
35787,35787-Máster de Formación Permanente en Revenue Management,RevenueManagGestHot-35787,si
359617,359617-Máster de Formación Permanente en Humanidades,MasterHumanidades-359617,si
360741,360741-Curso de Adaptación al Grado en Educación Social,AdaptGradEduSoc-360741,si
360744,360744-Máster Universitario en Gestión del Patrimonio Cultural y Natural,GestPatrimonioCult-360744,si
364465,364465-Trabajo Motor en Niños con Trastornos Neurológicos y Discapacidad Intelectual,TrastornoNeuroDiscap-364465,si
364994,364994-Programa de Postgrado Avanzado en Control de Gestión,AvanzControlGestion-364994,si
364995,364995-Programa de Postgrado Avanzado en Dirección de Operaciones,AvanzDirOperaciones-364995,si
364996,364996-Programa de Postgrado Avanzado en Dirección de Personas,AvanzDirPersonas-364996,si
364997,364997-Programa de Postgrado Avanzado en Dirección de Proyectos,AvanzDirProyectos-364997,si
364998,364998-Programa de Postgrado Avanzado en Dirección del Marketing,AvanzDirMarketing-364998,si
364999,364999-Programa de Postgrado Avanzado en Dirección Financiera,AvanzDirFinanciera-364999,si
365000,365000-Programa de Postgrado Avanzado en Escritura y Publicación de Artículos Científicos,AvanzEscrituraArtCie-365000,si
365001,365001-Programa de Postgrado Avanzado en Estadística para la Investigación,AvanzEstadisticaInv-365001,si
365002,365002-Programa de Postgrado Avanzado en Finanzas Corporativas,AvanzDirFinanzaCorpo-365002,si
365003,365003-Programa de Postgrado Avanzado en Gestión de la Innovación,AvanzGestionInnov-365003,si
365004,365004-Programa de Postgrado Avanzado en Imagen y Comunicación Política,AvanzImagComPolitica-365004,si
365005,365005-Programa de Postgrado Avanzado en Logística,AvanzLogistica-365005,si
365006,365006-Programa de Postgrado Avanzado en Marketing Digital,AvanzMarketingDigit-365006,si
365007,365007-Programa de Postgrado Avanzado en Metodología de la Investigación,AvanzMetodoInvestig-365007,si
365008,365008-Programa de Postgrado Avanzado en Metodologías Ágiles,AvanzMetodoAgiles-365008,si
365009,365009-Programa de Postgrado Avanzado en Negocios Internacionales,AvanzNegocioInternac-365009,si
365427,365427-Grado en Fotografía,Fotografia-365427,si
365428,365428-Máster Universitario en Fotografía Artística,FotografiaArt-365428,si
366584,366584-Máster Universitario en Estudios de Seguridad Internacional,SeguridadInternacion-366584,si
367215,367215-Máster Universitario en Economía de la Salud,Farmaeconomia-367215,si
367216,367216-Máster Universitario en Protocolo y Eventos,ProtocoloEventos-367216,si
372814,372814-Máster de Formación Permanente en Full Stack Developer,FullStackDev-372814,si
372815,372815-Máster de Formación Permanente en Ecología Urbana e Infraestructura Verde,EcologiaUrbana-372815,si
378006,378006-Máster de Formación Permanente en Acompañamiento Educativo,CoachingYAcompEdu-378006,si
378007,378007-Máster de Formación Permanente en Trastornos y Dificultades del Aprendizaje,TrastornoDifAprendiz-378007,si
37829,37829-Curso de Adaptación al Grado de Ingeniería Informática,AdapIngInformatica-37829,si
386841,386841-Máster de Formación Permanente en Legaltech,LegalTech-386841,si
387408,387408-Máster en Nuevas Técnicas de Reproducción Bovina,ReproduccionBovina-387408,si
388178,388178-Máster Universitario en Gestión del Patrimonio Cultural y Natural,GestionPatrimoCultu-388178,si
388763,388763-Especialización en Neuropsicología y Educación,EspNeuropsicoEdu-388763,si
389572,389572-Máster de Formación Permanente en Marketing y Comercialización en el Sector Agroalimentario,MkComercAgroaliment-389572,si
389573,389573-Máster en Formación Permanente en Transformación Digital e Innovación en el Sector Agroalimentario,TransfDigAgroaliment-389573,si
390438,"390438-Executive Master en Dirección de Supply Chain, Operaciones y Logística",ExeSupplyChainOpeLog-390438,si
390880,390880-Curso Universitario en Dificultades del Aprendizaje,DificultAprendizaje-390880,si
390881,390881-Experto Universitario en Trastorno por Déficit de Atención e Hiperactividad (TDAH),TrasDeficAtencHipera-390881,si
391153,391153-Maestría en Dirección de Recursos Humanos,MaestriaDirRrhh-391153,si
391154,391154-Maestría en Gestión Tributaria,GestionTributaria-391154,si
391155,391155-Maestría en Marketing Digital (Newman),MaestriaMarkDigital-391155,si
391156,391156-Maestría en Dirección Pública,MaestriaDirPublica-391156,si
391157,391157-Maestría en Derecho Penal,MaestriaDerechPena-391157,si
391281,391281-Maestría en Educación (Newman),MaestriaEducacion-391281,si
391425,391425-Grado en Ciencias de la Actividad Física y del Deporte,ActivFisicayDeporte-391425,si
391445,391445-Curso de adaptación al Grado en Recursos Humanos y Relaciones Laborales,AdapRRHHyRL-391445,si
39226,"39226-Máster Universitario en Periodismo de Investigación, Datos y Visualización",PeriodismoDedatos-39226,si
39255,39255-Experto Universitario en Ecografía Musculoesquelética,EcogrMusculoesquelet-39255,si
392846,392846-Experto Universitario en Preceptuación y Asesoramiento Académico Personal,AsesoAcademPersonal-392846,si
392847,392847-Máster en Innovación en Educación Infantil,InnovacionEduInfant-392847,si
393517,393517-Maestría en Comunicación y Marketing Político,ComyMarkPolitico-393517,si
393518,393518-Maestría en Gestión de Riesgos Financieros,GestRiesgFinan-393518,si
393519,393519-Maestría en Ciencias Computacionales y Matemáticas Aplicadas,ComputaMatAplicadas-393519,si
393520,393520-Maestría en Diseño Gráfico Digital,DisenoGraficoDigital-393520,si
393521,393521-Maestría en Dirección y Gestión de las Tecnologías de la Información,DirGestTecnologInfo-393521,si
393522,393522-Maestría en Derechos Humanos,DerechosHumanos-393522,si
393523,393523-Licenciatura en Criminología,LicCriminologia-393523,si
393524,"393524-Maestría en Diseño Industrial, Innovación y Desarrollo de Producto",DisenoIndustrialProd-393524,si
393525,393525-Maestría en Métodos de Enseñanza en Educación Personalizada,EnsenanEduPersonaliz-393525,si
393526,393526-Maestría en Enseñanza del Inglés como Lengua Extranjera,EnsenanzaIngles-393526,si
393527,393527-Ingeniería en Informática,IngInformaticaSoftw-393527,si
393528,393528-Ingeniería en Informática con especialización en Videojuegos,IngInformaticaVideoj-393528,si
393529,393529-Licenciatura en Diseño de Videojuegos,LicDisenoVideojueg-393529,si
393530,393530-Licenciatura en Realización y Animación 3D,LicRealizacioAnima3d-393530,si
393531,393531-Maestría en Ingeniería Sanitaria con especialización en Aguas Residuales,IngSanitariaAguaResi-393531,si
393532,393532-Maestría en Inteligencia artificial,MaestriInteligArtif-393532,si
393533,393533-Licenciatura en Psicología,LicPsicologia-393533,si
393534,393534-Maestría en Intervención en Psicología Clínica,PsicoGenSanitaria-393534,si
393537,393537-Maestría en Psicoterapia: Terapias de Tercera Generación,Terapias3Generac-393537,si
393538,393538-Licenciatura en Administración Aduanera y Comercio Exterior,AdminAduaneraComExt-393538,si
393539,393539-Licenciatura en Administración de Empresas,LicAdminEmpres-393539,si
393540,393540-Licenciatura en Administración Industrial y Financiera,LicAdminIndustFinan-393540,si
393541,393541-Licenciatura en Administración Pública,LicAdminPublica-393541,si
393542,393542-Licenciatura en Contaduría Pública y Auditoría,LicContadPubAudit-393542,si
393543,393543-Maestría en Administración Aduanera,AdminAduanera-393543,si
393544,393544-Maestría en Administración de la Seguridad Social - MSS,AdminSegSocial-393544,si
393545,393545-Maestría en Administración Financiera,AdminFinanciera-393545,si
393546,393546-Maestría en Ciencias Actuariales,CienciasActuariales-393546,si
393547,393547-Maestría en Dirección y Políticas Públicas,DirPolicasPublicas-393547,si
393548,393548-Maestría en Finanzas y Tributación,FinanzasTributacion-393548,si
393549,393549-Maestría en Business Intelligence and Data Analytics,InteligenciaNegocios-393549,si
393550,393550-Maestría en Marketing Digital (Internaciones),MaestriaMkDigital-393550,si
393551,393551-Maestría en Normas Internacionales de Información Financiera - NIIF,NormasIntInforFinanc-393551,si
393552,393552-Maestría en Tributación,Tributacion-393552,si
393553,393553-Maestría en Administración de Empresas (MBA),MbaInterna-393553,si
393555,393555-Licenciatura en Ingeniería Industrial Administrativa,LicIngenierIndusAdmi-393555,si
393556,393556-Licenciatura en Ingeniería en Sistemas Computacionales,LicIngenierSistCompu-393556,si
393676,393676-Experto Universitario en Inteligencia Artificial en Diagnóstico Clínico por Imagen,AIenDiagnostClinic-393676,si
393677,393677-Máster en Cirugía Oral y Prótesis Implantosoportada,CirugiaOralyProtesis-393677,si
393678,"393678-Máster en Estética Dental, Odontología Restauradora y Flujo Digital",EsteticaDentalOdont-393678,si
394989,394989-Máster de Formación Permanente en Medicina Estética y Antienvejecimiento,EsteticaAntienvejec-394989,si
395138,395138-MBA + PSU en Transformación Digital en Gestión pública,MBAGestPublica-395138,si
396308,396308-Máster Universitario en Cuidados Paliativos,CuidadoPaliativo-396308,si
396309,396309-Grado en Logopedia UNIR,Logopedia-396309,si
396310,396310-Máster Universitario en Musicología,Musicologia-396310,si
397298,397298-Maestría en Logística y Transporte,LogisticayTransporte-397298,si
397299,397299-Maestría en Industria 4.0,MaestriaIndustria40-397299,si
397300,397300-Maestría en Atención a las Necesidades Educativas del Desarrollo,AtenNecEducaDes-397300,si
397301,397301-Maestría en Gestión Ambiental y Eficiencia Energética,GestAmbientyEfiEnerg-397301,si
397302,397302-Maestría en Negocios Internacionales y Comercio Exterior,NegInternComercioExt-397302,si
397303,397303-Maestría en Gerencia Comercial y Ventas,GerenciaComyVentas-397303,si
397304,"397304-Maestría en Didáctica de la Ciencia, Tecnología, Ingeniería y Matemáticas",DidCienciTecIngMat-397304,si
397305,397305-Maestría en Derecho Fiscal,DerechoFiscal-397305,si
397306,397306-Maestría en Derecho Procesal Penal,DerechoProcesalPenal-397306,si
397804,397804-Máster Universitario en Estudios Nutricionales y Epidemiología Nutricional,NutricPersonEpidemio-397804,si
39780,39780-Máster Universitario en Dirección de Operaciones y Calidad,DirOperacionesyCalid-39780,si
39798,39798-Doctorado online,Doctorado-39798,si
398861,398861-Máster Universitario en Análisis y Prevención de la Corrupción,AnaPrevCorrupcion-398861,si
398862,398862-Máster Universitario en Delincuencia Juvenil e Intervención con Menores,DelincuenciaJuvenil-398862,si
398863,398863-Máster Universitario en Derecho de Consumo para el Comercio Electrónico,DerechoConsumComElec-398863,si
398864,398864-Máster Universitario en Investigación Criminal,InvestigCriminal-398864,si
398865,398865-Máster Universitario en Docencia Superior Universitaria,DocenciaSupUniversit-398865,si
407199,407199-Grado en Diseño y Desarrollo de Videojuegos,GDisDesarroVideojueg-407199,si
407200,407200-Máster Universitario en Diseño y Desarrollo de Interfaz de Usuario Web (Front-end Design & Development),DisenoDesInterfazUs-407200,si
407201,"407201-Máster Universitario en Realidad Extendida: Realidad Virtual, Aumentada y Mixta",RealidadExtendida-407201,si
407203,407203-Grado en Economía,Economia-407203,si
407204,407204-Máster Universitario en Economía Internacional,EconomiaIntern-407204,si
407205,407205-Máster Universitario en Gestión de Empresas / Master in Management (MIM),MiMGestionEmpresas-407205,si
407206,407206-Máster Universitario en Transformación Digital en la Empresa,TransfDigEmpresa-407206,si
407207,407207-Máster Universitario en Energías Renovables,EnergiasAlternyRenov-407207,si
407209,407209-Máster Universitario en Gemelos Digitales,GemelosDigitales-407209,si
407210,407210-Máster Universitario en Inteligencia Artificial para el Sector de la Energía y las Infraestructuras,IAenEnergíaInfraestr-407210,si
407211,407211-Máster Universitario en Innovación en la Experiencia del Cliente,InnovExpericiaClient-407211,si
407212,407212-Máster Universitario en Computación Cuántica,ComputacionCuantica-407212,si
407213,407213-Máster Universitario en Salud Digital,SaludDigital-407213,si
407214,407214-Máster Universitario en Gestión de la Seguridad Alimentaria,SeguridadAlimentaria-407214,si
407215,407215-MU en Ingeniería de Telecomunicación,IngTelecomunicacion-407215,si
407217,407217-Grado en Ciberseguridad,Ciberseguridad-407217,si
407218,407218-MU en Diseño de Espacios Arquitectónicos,DisenEspacioArquit-407218,si
407219,407219-Máster Universitario en Estudios sobre Danza,Danza-407219,si
407834,407834-Grado en Gestión Logística,GestionLogistica-407834,si
430062,430062-Maestría en Visual Analytics y Big Data,VisualAnalytyBigD-430062,si
430063,430063-Maestría en Gestión y Dirección del Talento Humano,DirGestRrhh-430063,si
433396,433396-Maestría en Prevención de Riesgos Laborales,PreveRiesgoLabPRL-433396,si
436935,436935-Máster de Formación Permanente en Medicina Interna de Pequeños Animales,MedicinaPequeAnimale-436935,si
43899,43899-Máster Universitario en Educación Bilingüe,EducacionBilingue-43899,si
43901,43901-Máster Universitario en Enseñanza de Español como Lengua Extranjera,EnsenanzadelEspanol-43901,si
442645,442645-Especialización en Seguridad Informática,EspSeguridadInform-442645,si
442646,442646-Especialización en Visual Analytics y Big Data,EspeVisuAnalytBigDat-442646,si
442647,442647-Especialización en Ingenieria de Software,EspSeguridadSoftw-442647,si
443549,443549-Especialización en Gerencia Educativa,EspGerenciaEducativa-443549,si
446382,446382-Máster de Formación Permanente en Security Operation Center (SOC),SecurityOperCenteSOC-446382,si
446876,446876-Programa de Postgrado Avanzado en Soft Skills y Habilidades Directivas,SoftSkillsHabDirecti-446876,si
450114,450114-Máster de Formación Permanente en Problem Solving,FPProblemSolving-450114,si
450117,450117-Máster de Formación Permanente en Digital Business,FPDigitalBusiness-450117,si
450119,450119-Máster de Formación Permanente en Enoturismo,FPEnoturismo-450119,si
450120,450120-Master de FP en Relaciones Internacionales,FPRelacionIntern-450120,si
450122,450122-Máster de Formación Permanente en Terapia Asistida con Animales,FPTerapiaAsisConAnim-450122,si
450199,450199-Maestría en Atención a las Necesidades Educativas del Desarrollo + Curso en Tutoría y Orientación para el Desarrollo Personal y Profesional,AtenNecEducaDesYCurs-450199,si
451700,451700-Programa de Actualización de la Licenciatura Contaduría Pública y Auditoría,ActLicContaPubAudit-451700,si
451750,451750-Maestría en Ingeniería Sanitaria con Especialización en Desechos Sólidos,IngSanitariaDesecho-451750,si
452341,452341-MBA + Curso Universitario Avanzado en Gestión Inmobiliaria,MBAEspGestInmob-452341,si
452676,452676-Especialización en Industria 4.0,EspecIndustria40-452676,si
453468,453468-Curso Universitario de Fútbol Terapéutico,CursFutbolTerapeutic-453468,si
453717,453717-Máster de Formación Permanente en Altas Capacidades y Desarrollo del Talento,AltasCapDesaTalent-453717,si
454016,454016-Grado en Nutrición Humana y Dietética UNIR,Nutricion-454016,si
454034,454034-Maestría en Prevención de Riesgos Laborales + Certificado de auditor Interno ISO 45001,PRLcertifISO45001-454034,si
46709,46709-Máster Universitario en Protección de Datos,Protecciondedatos-46709,si
46807,46807-Programa Avanzado en Peritaje Informático e Informática forense,PeritajeInformatic-46807,si
46967,46967-Máster Universitario en Neuromarketing,Neuromarketing-46967,si
470198,470198-Grado en Diseño de Interiores,Lote3Semestre-470198,si
47026,47026-Grado en Diseño Digital,DisenoDigital-47026,si
471433,471433-Máster de Formación Permanente en Gestión Inmobiliaria,FPGestiInmobiliaria-471433,si
471435,471435-Máster Universitario en Didáctica de la Física y la Química en Educación Secundaria y Bachillerato,DidacticFisicaQuiSec-471435,si
471436,471436-Máster Universitario en Educación Ambiental para el Desarrollo Sostenible,EducAmbientDesSosten-471436,si
471437,471437-Máster Universitario en Didáctica de la Biología y la Geología en Educación Secundaria y Bachillerato,DidactBioGeoSyB-471437,si
471566,471566-Maestría en Neuropsicología Clínica,NeuropsicologClinic-471566,si
471567,471567-Maestría en Dirección y Administración en Salud,DirAdminSaludInter-471567,si
471568,471568-Experto Universitario en Ecografía del Aparato Digestivo y Genitourinario,EcogrAparatDigest-471568,si
471569,471569-Maestría en Psicología Forense,PsicologiaForens-471569,si
471570,471570-Maestría en Gestión de Tecnologías de la información,DirGestTecnoInformac-471570,si
471572,471572-Maestría en Cibersecurity,MaestrCiberseguridad-471572,si
471626,471626-Administración y Finanzas,TecSupAdminyFinanzas-471626,si
471627,471627-Marketing y Publicidad,TecSupMarketingPubli-471627,si
471628,471628-Administración de Sistemas Informáticos en Red,TecSupSistInformatic-471628,si
471631,471631-Desarrollo de Aplicaciones Multiplataforma,TecSupDAM-471631,si
471632,471632-Desarrollo de Aplicaciones Web,TecSupDAW-471632,si
472479,472479-Maestría mexicana en Marketing Digital,MarketingDigital-472479,si
472480,472480-Maestría en Comunicación Corporativa,ComunicIdentiCorpo-472480,si
473498,473498-Máster Universitario en Atención Educativa y Prevención de Conductas Adictivas en Niños y Adolescentes,AtencConductAdictiva-473498,si
473594,473594-Maestría en Ingeniería Sanitaria con Especialización en Agua Potable,IngSanitariaAguaPot-473594,si
474940,474940-Máster Universitario en Derecho Sanitario,DerechoSanitario-474940,si
474941,474941-Máster Universitario en Seguridad Pública,SeguridadPublica-474941,si
480601,480601-Máster Universitario en Redes Sociales / Master in Social Media,SocialMedia-480601,si
48376,48376-Curso Inglés A2 Intensivo,InglesA2-48376,si
48377,48377-Curso Inglés B1 Intensivo,InglesB1-48377,si
48378,48378-Curso Inglés B2 4 meses,InglesB2-48378,si
48380,48380-Examen UNIR B1 Español,EspanolB1-48380,si
48381,48381-Examen UNIR B2 Español,EspanolB2-48381,si
487357,487357-Certificado Experto en Marketing Digital 360,ExpMkDigital360-487357,si
487358,487358-Certificado Experto en Habilidades para Abogados,ExpHabilidadAbogado-487358,si
487359,487359-Certificado Experto en Gestión Digital de Proyectos,ExpGestDigitalProyec-487359,si
487360,487360-Certificado Experto en Gestión del Diseño,ExpGestDiseno-487360,si
487361,487361-Certificado Experto en Finanzas Corporativas,ExpFinanzaCorporativ-487361,si
487362,487362-Certificado Experto Data & Business Analytics,ExpDataBusinessAnal-487362,si
487619,487619-Certificado Experto en Inteligencia emocional y disciplina positiva,ExpInteligEmociPosit-487619,si
487946,487946-Foro de Digitalización y Tecnología en la Cadena Alimentaria: Oportunidades y Experiencias,ForoDigitCadenaAlime-487946,si
507083,507083-Certificado de Educación Continua en Experto en Calidad y Seguridad del Paciente,CertCalidadSegPacien-507083,si
507425,507425-MA Dirección y Administración de Salud + MIU Calidad Seguridad Paciente,AdmnSaludSegPacien-507425,si
507426,507426-MA Dirección y Adm. de Equipos de Salud + MIU Calidad Seguridad Paciente,AdmnEquipSaludPacien-507426,si
507840,507840-Licenciatura en Enfermería,LicEnfermeria-507840,si
507841,507841-Licenciatura en Odontología,LicCirujanoDentista-507841,si
507842,507842-Curso Universitario de Mediación en España y Latinoamérica,MediacionEspanaLatam-507842,si
507966,507966-CERTIFICADO EXPERTO Inteligencia Emocional y Disciplina Positiva,ExpInteligEmocioPosi-507966,si
508447,508447-Licenciatura en Educación Básica Primaria,LicEducaBasiPrimaria-508447,si
508448,508448-Especialización en Inteligencia de Negocio,EspInteligenciaNeg-508448,si
508449,508449-Especialización en Educación y Orientación Familiar,EducaOrientacionFami-508449,si
508450,508450-Maestría en Finanzas,MaestriaFinanzas-508450,si
508451,508451-MA Administración de Negocios (MBA) + MIU Gestión de Proyectos Digitales,MbaGestDigProyectos-508451,si
508452,508452-MA Derecho Penal + MIU Habilidades para Abogados,DerechPenalHabiAbog-508452,si
508453,508453-MA Educación + MIU Int. Emocional y DP,EducaInteligEmociona-508453,si
508454,508454-Maestría en Liderazgos y Dirección de Centros Educativos,LiderazgCentrEduc-508454,si
509676,509676-MU en Comercio Exterior e Interna. de Empresas + MIU Digital Project Management,ComerExtIntDigProj-509676,si
509677,509677-MU en Comunicación y Marketing Político + MIU Digital Project Management,MkPoliticoDigProj-509677,si
509678,509678-MU en Comunicación Transmedia + MIU Design Management,ComuTransmeDesingMng-509678,si
509679,509679-Máster Universitario en Comunicación Corporativa + Design Management,ComunicCorpDesingMng-509679,si
509680,509680-MU en Dirección Comercial y Ventas + MIU Digital Project Management,DirComVentasDigProj-509680,si
509681,509681-MU en Dirección de Procesos Estratégicos + MIU Digital Project Management,DirProcesEstrDigProj-509681,si
509682,509682-Máster Universitario en Gestión de Marca + Digital Project Management,GestMarcaDigProj-509682,si
509683,509683-Máster Universitario en Marketing Estratégico + Data & Business Analytics,MkEstrategDataAnalyt-509683,si
509698,509698-Máster Universitario en Marketing Estratégico + Digital Project Management,MkEstrategDigProj-509698,si
509699,509699-MU en Marketing Farmacéutico + MIU Digital Project Management,MkFarmaceutDigProj-509699,si
509700,509700-Máster Universitario en Auditoría de cuentas + Digital Project Management,AuditCuentDigProject-509700,si
509701,509701-MU en Inteligencia de Negocio + MIU Digital Project Management,InteligNegDigProj-509701,si
509702,509702-Máster Universitario en Transformación Digital + Data y Business Analytics,TransfDigitDataIntel-509702,si
509703,509703-MU en Transformación Digital + MIU Digital Project Management,TransfDigProjMng-509703,si
509706,509706-MA Derecho Fiscal + MIU Habilidades para Abogados,DerechFiscalHabiAbog-509706,si
509707,509707-MA Protección de Datos + MIU Habilidades para Abogados,ProtecDatosHabAbog-509707,si
509708,509708-MA Derechos Humanos + MIU Habilidades para Abogados,DerechHumanoHabiAbog-509708,si
509709,509709-MA Derecho Procesal Penal + MIU Habilidades para Abogados,ProcesalPenaHabiAbog-509709,si
510285,510285-Licenciatura en Ciencias Políticas y Administración Pública,LicCiencPolitAdmiPub-510285,si
510363,510363-Maestría en Desarrollo y Operaciones de Software (DevOps),MaestriaDevOps-510363,si
510364,510364-MA Gestión Minera y Ambiental + MIU Gestión de Proyectos Digitales,GestMineraAmbientDig-510364,si
510365,510365-MA Marketing Digital + MIU Marketing Digital 360,DirMkdigital360-510365,si
510366,510366-MA Administración de Negocios (MBA) + MIU Marketing Digital 360,MbaMkDigital360-510366,si
510367,510367-Maestría en Derecho Corporativo y Empresarial,DerechoCorpoEmpre-510367,si
510368,510368-Curso de Adobe Creative,AdobeCreat-510368,si
512174,512174-Maestría en Estética Dental Odontología Restauradora y Flujo Digital,EsteticDentalOdont-512174,si
512185,512185-MU en Dirección y Gestión Sanitaria + MIU Data & Business Analytics,DirGestSanitDataAnal-512185,si
512186,512186-MU Dirección y Gestión Sanitaria+ Corporate Finance,DirGestSanitCorFinan-512186,si
512187,512187-MU en Dirección y Gestión Sanitaria + MIU Calidad Seguridad Paciente,DirGestSanitSegClini-512187,si
512188,512188-MU en Dirección y Gestión de Unidades de Enfermería + Data & Business Analytics,UnidEnfermDataAnaly-512188,si
512189,512189-MU en Dirección y Gestión de Unidades de Enfermería + Corporate Finance,UnidEnfermCorpFinan-512189,si
512190,512190-MU Unidades de Enfermería + Seguridad Clínica y Calidad Asistencial,UnidEnfermSegClinic-512190,si
512191,512191-MU Psicología Forense + Inteligencia Emocional y Disciplina Positiva,PsicoForenseIntEmo-512191,si
512192,512192-MU Neuropsicología Clínica + Inteligencia Emocional y Disciplina positiva,NeuropsicoCliniIntEm-512192,si
512193,512193-MU Psicoterapia + Inteligencia Emocional y Disciplina positiva,PsicoterapInteligEmo-512193,si
512194,512194-MU Psicología Infanto-Juvenil + Inteligencia Emocional y Disciplina Positiva,IntervInfantJuvIntEm-512194,si
516409,516409-Curso de Certificación de Auditor Interno en Sistemas de Gestión de Servicios (SGS) de la Tecnología de la Información según ISO 20000:2018 TÜV Rheinland,AuditorInternoSGS-516409,si
520145,520145-Máster Universitario en Dirección Logística + Especialista Universitario en Industria 4.0,DirLogistIndus40-520145,si
520149,520149-Máster Universitario en Diseño Industrial y Desarrollo de Producto + Curso Universitario Avanzado en Diseño de Packaging,DisenoIndusPack-520149,si
520150,520150-MU en Diseño y Desarrollo de Interfaz de Usuario + MIU Marketing Digital 360,DisenInterfazUsMk360-520150,si
520151,520151-MU en Diseño de Experiencia de Usuario + MIU Marketing Digital 360,DisenExpeUsuariMk360-520151,si
520152,520152-MU en Dirección y Gestión de TI + Certificado ISO 20.000,GestTecnInfoDigTuv-520152,si
520153,520153-MU en Internet de las Cosas (IoT) + MIU Gestión de Proyectos Digitales,IoTGestProyecDig-520153,si
520154,520154-MU en Dirección y Gestión de TI + MIU Gestión de Proyectos Digitales,GestTecnInfoDigProj-520154,si
520155,520155-MU en Ingeniería Matemática y Computación + MIU Data y Business Analytics,IngMatesExpDataAnaly-520155,si
520159,520159-MU en Inteligencia Artificial + MIU Gestión de Proyectos Digitales,integArtiGestProyDig-520159,si
520160,520160-MU en Desarrollo y Operaciones (DevOps) + MIU Gestión de Proyectos Digitales,DevOpsGestProyecDig-520160,si
520161,520161-MU en Visual Analytics & Big Data + Especialista Industria 4.0,VisualizaDatIndus40-520161,si
520162,520162-MU en Ciberseguridad + MIU Gestión de Proyectos Digitales,CiberdelincGlobProg-520162,si
520163,520163-Global Program ESIT,GlobalProgramEsit-520163,si
520164,520164-Global Program Empresa,GlobalProgramEmpresa-520164,si
520165,520165-Curso de Actualización en Modelos de Gestión Sanitaria (Global Program),GlobalProgramSalud-520165,si
520166,520166-Concentración Avanzada en Inteligencia Artificial y Data Engineering,CaDataAnalEngineerng-520166,si
520167,520167-Curso propedéutico de la Maestría en Emprendimiento y Negocios Digitales,EmprendimNegoDig-520167,si
520168,520168-Concentración Avanzada en Data Analyst para Inteligencia Artificial,CaDataAnalyIA-520168,si
520169,520169-Maestría en Emprendimiento y Negocios Digitales,EmprendiNegoDig-520169,si
526883,526883-MU en Ingeniería de Software + Global Program,IngSoftwSistGlobProg-526883,si
526884,526884-MU en Desarrollo y Operaciones (DevOps) + Global Program,DevOpsGlobProg-526884,si
526885,526885-MU en Visual Analytics & Big Data + Global Program,VisualizaDatGlobProg-526885,si
526886,526886-MU en Inteligencia Artificial + Global Program,InteligArtifGlobProg-526886,si
526887,526887-MU en Ciberseguridad + Global Program,CiberseguGlobProg-526887,si
526895,526895-Experto Universitario en Convivencia y Acoso Escolar,ExpConvivencAcosoEsc-526895,si
526896,526896-Maestría en Transformación Digital de las Organizaciones,TransfdeDigOrganiza-526896,si
526897,526897-Curso Universitario en Altas Capacidades y Desarrollo del Talento,AltasCapDesarrTalent-526897,si
526898,526898-Programa Superior Universitario en Litigación,CuaLigitacion-526898,si
526899,526899-MU Dirección y Gestión Sanitaria + Global Program Salud,GestSanitarGlobProg-526899,si
526900,526900-MU Dirección y Gestión de Unidades de Enfermería + Global Program Salud,GesUnidEnferGlobProg-526900,si
526901,526901-MU Gestión de la Seguridad Clínica del Paciente + Global Program Salud,SeguClinicaGlobProg-526901,si
526902,526902-MA Emprendimiento y Negocios Digitales + MIU Marketing Digital 360,EmpreNegoDigMk360-526902,si
526903,526903-MA Emprendimiento y Negocios Digitales + MIU Data & Business Analytics,EmpreNegoDigDataAnal-526903,si
528360,528360-Diploma de Especialización en Logoterapia y Análisis Existencial,DipLogoterapia-528360,si
528361,528361-Maestría en Inteligencia Artificial + Concentración Avanzada en Data Analyst para Inteligencia Artificial,InteliArtifDataAI-528361,si
528362,528362-MBA + Global Program Empresa,MbaGlobProg-528362,si
528363,528363-Dirección y Gestión Financiera + Global Program Empresa,DirGestFinanGPEmpr-528363,si
528364,528364-Dirección y Gestión de Recursos Humanos + Global Program Empresa,DirGestRrhhGPEmpr-528364,si
528365,528365-Maestría en Inteligencia Artificial + Concentración Avanzada en Inteligencia Artificial y Data Engineering,InteliArtifEnginerng-528365,si
529615,529615-MA Inteligencia Artificial + MIU Data & Business Analytics,InteliArtifDataAnaly-529615,si
529617,529617-MU Metodología de la Investigación en CCSS + Global Program Salud,MetodInvesCSGlobProg-529617,si
529618,529618-MU Bioética + Global Program Salud,BioeticGlobProgSalud-529618,si
529619,529619-Curso Propedéutico en la Maestría en Desarrollo y Operaciones de Software (DevOps),DesarrolloDevOps-529619,si
529620,529620-Mención en Competencias Digitales,CompetenciasDigit-529620,si
529621,529621-Mención en Evaluación por competencias,EvaluaCompentencia-529621,si
529622,529622-Mención en Desarrollo del pensamiento creativo,DesarroPensamCreativ-529622,si
529623,529623-Mención en Instrumentos para la Evaluación en Educación,InstrumEvaluaEduca-529623,si
529624,529624-Mención en Resolución de conflictos en el aula,ResoluConflicAula-529624,si
529626,529626-Doble Máster Abogacía + Derecho Sanitario,EjerAbogacDrechSanit-529626,si
529627,529627-Máster Universitario en Ciberdelincuencia + PSU. en Litigación,CiberdelincLitigaci-529627,si
529628,529628-Máster Universitario en Derecho Ambiental + PSU. en Litigación,DerechAmbientLitigac-529628,si
529629,529629-Máster en Derecho corporativo colombiano + C.U.A en litigación,DerechEmprColLitigac-529629,si
529630,529630-MU en Derecho del urbanismo + PSU. en Litigación,DerechOrdeniaLitigac-529630,si
529631,529631-Máster Universitario en Derecho de la Energía y la Transición Energética + PSU. en Litigación,DerechEnergiaLitigac-529631,si
529632,529632-Máster Universitario en Derecho del Trabajo + PSU. en Litigación,DerchTrabajLitigac-529632,si
529633,529633-Máster Universitario en Derecho Digital + PSU. en Litigación,DrechoDigitLitigac-529633,si
529634,529634-Máster Universitario en Derecho Penal Económico + PSU. en Litigación,DerechPenalEcoLitiga-529634,si
529635,529635-Máster Universitario en Derecho Penal Internacional y Transnacional + PSU. en Litigación,DrechoPenaIntLitigac-529635,si
529636,529636-Máster Universitario en Derecho Sanitario + PSU. en Litigación,DerechSanitaLitigac-529636,si
529637,529637-Máster Universitario en Propiedad Intelectual + PSU. en Litigación,PropIntelectuLitigac-529637,si
529638,529638-Máster Universitario en Derechos Humanos + PSU. en Litigación,DerechHumanoLitigac-529638,si
52967,52967-Grado en Pedagogía,Pedagogia-52967,si
52973,"52973-Diplomado en Robótica, Programación e Impresión 3D",RoboticPrograImpre3d-52973,si
532673,532673-MA Dirección y Adm. de Empresas (Directivo) + MIU E-Commerce & DBM,MbaEmbaEcom-532673,si
532674,532674-MA Gerencia Comercial y Ventas + MIU E-Commerce & DBM,GerenciaComVentaEcom-532674,si
532675,532675-MA Marketing Digital + MIU E-Commerce & DBM,MkDigitalEcom-532675,si
532676,532676-MA Emprendimiento y Negocios Digitales + MIU E-Commerce & DBM,EmpreNegoDigEcom-532676,si
532679,532679-MA Mercadotecnia + MIU E-Commerce & DBM,MercadotecniaEcom-532679,si
532680,532680-MA Dirección y Administración de Empresas + MIU E-Commerce & DBM,MbaEcom-532680,si
532683,532683-Programa Avanzado en Diseño y Gestión de Plantas Solares Fotovoltaicas,DisenoSolaresFotovol-532683,si
532684,532684-Curso Universitario Avanzado en Scrum,Scrum-532684,si
532750,532750-Maestría en Educación + Desarrollo del pensamiento creativo,EducaPensamieCreativ-532750,si
532751,532751-Maestría en Educación + Evaluación por competencias,EducaEvaluaCompe-532751,si
532752,532752-Maestría en Educación + Instrumentos para la Evaluación en Educación,EducaInstrumEvalua-532752,si
532753,532753-Maestría en Educación + Resolución de conflictos en el aula,EducaResoluciConflic-532753,si
532754,532754-Maestría en Educación + Competencias Digitales,EducaCompetenciaDig-532754,si
53861,53861-Máster Universitario en Orientación Educativa Familiar,OrientacionEducativa-53861,si
538960,538960-Curso Universitario Avanzado en Actividad Física y Deporte,ActividadFisicaDepor-538960,si
54850,54850-Experto en Enseñanza de la Religión Católica en Infantil y Primaria (DECA),Deca-54850,si
550306,550306-Maestría en Diseño Gráfico Digital,DisenoGraficoDigit-550306,si
550307,550307-Máster Universitario en Estudios Avanzados en Cinematografía,EstAvaCinematografia-550307,si
550308,550308-Métodos y técnicas de investigación social aplicada,MetTecInvesSocialApl-550308,si
550469,550469-Master Universitario en Producción de Proyectos Artísticos,ProducProyeArtistico-550469,si
551829,551829-Maestría en Diseño y Desarrollo de Videojuegos,DisenoDesaVideojueg-551829,si
551831,551831-Máster Universitario en Administración Electrónica y Gobierno Abierto,AdminElectrGobAbiert-551831,si
551832,551832-Máster Universitario en Derecho de los Mercados Financieros,DerechoMercadFinanci-551832,si
55424,55424-MU en Ingeniería de Software y Sistemas Informáticos,IngenieriaSoftware-55424,si
55426,55426-Máster en Diseño Y Desarrollo de Videojuegos,DisenoDesarVideojueg-55426,si
554848,554848-Máster de Formación Permanente en Product Manager,FPProductManager-554848,si
564668,564668-Máster Universitario en Inteligencia Económica para la Seguridad,InteligEcoSeguridad-564668,si
564669,564669-Máster Universitario en Marketing Deportivo,MarketingDeportivo-564669,si
564670,564670-Máster Universitario en Animación 3D para las Industrias del Entretenimiento,Animac3Dentretenim-564670,si
571555,571555-Máster Universitario en Intervención Logopédica en la Deglución,IntervLogopedDegluci-571555,si
571556,571556-Máster Univeristario en Microbiota Humana,MicrobiotaHumana-571556,si
571559,571559-Máster en Analítica Digital Online,AnaliticaDigOnline-571559,si
571562,571562-Máster en Hacking Ético Online,HackingEticoOnline-571562,si
571564,571564-Máster en Cloud CRM Marketing Online,CloudCRMMktOnline-571564,si
571565,571565-Máster en Data Science Online,DataScienceOnline-571565,si
571567,571567-Máster en Experto en tráfico de pago y estrategias de paid media Online,ExpTraficoPagoEstrat-571567,si
571568,571568-Máster en SEO - SEM Profesional Madrid,SeoSemProfMadrid-571568,si
571570,571570-Máster en SEO - SEM Profesional Online,SeoSemProfOnline-571570,si
571573,571573-Curso de CRO Online,CursoCROOnline-571573,si
571583,571583-Curso de SEO Avanzado Online,CursoSeoAvanzOnline-571583,si
573954,573954-Máster de F.P. en Derecho Corporativo y M&A,FPDerechoCorpoyMYA-573954,si
576483,576483-Máster Universitario en Dirección y Gestión Financiera + PSU en las Fintech,DiGestFinanFintech-576483,si
578343,578343-Máster de F.P. en Tributación,FpTributacion-578343,si
578344,578344-Máster de Formación Permanente en Construcción Industrializada,FPConstruccIndustri-578344,si
578345,578345-Maestría en Intervención Psicológica en niños y adolescentes,InterPsicoNinoAdoles-578345,si
578346,578346-Experto Universitario en Dislexia y Discalculia,DislexiaDiscalculia-578346,si
578347,578347-Especialista Historia de la Iglesia en España y América Latina,HistIglesiaEspYLatam-578347,si
578348,578348-Máster en FP en Coordinación de Bienestar y Protección del Alumnado,FPBienestaProtecAlum-578348,si
57842,57842-MU en Dirección Logística,DirLogistica-57842,si
579548,579548-Máster Universitario en Estrategias Nutricionales en la Práctica Deportiva,EstratNutriDeportiva-579548,si
579579,579579-Grado en Enfermería,GradoEnfermeria-579579,si
579733,579733-Grado en Farmacia,GradoFarmacia-579733,si
579734,579734-Grado en Fisioterapia,GradoFisioterapia-579734,si
579735,579735-Grado en Biomedicina,GradoBiomedicina-579735,si
580235,580235-Máster Universitario en Bioinformática,Bioinformatica-580235,si
580239,580239-Maestría en Tecnología Educativa y Competencias Digitales,TecnoEducativCompDig-580239,si
58328,58328-Experto Universitario en Psicomotricidad y Neuromotricidad Infantil,PsicomotricidadNeuro-58328,si
58331,58331-Máster Universitario en Tecnología Educativa y Competencias Digitales,TecnologiaEducativa-58331,si
58345,58345-Curso Universitario en Herramientas para el Trabajo Colaborativo para Docentes,HerramTrabColDocente-58345,si
587096,587096-Especialización en Gerencia Financiera,EspGerencFinanciera-587096,si
587097,587097-Especialización en Inteligencia Artificial,EspInteligArtificial-587097,si
587105,587105-Doble Grado en Derecho y Criminología,DobleGDerechoCrimin-587105,si
587129,587129-Bachelor Musicología,BachMusicologia-587129,si
587130,587130-Bachelor en Composición Musical,BachComposicMusic-587130,si
587131,587131-Maestría en Gestión de Riesgos Financieros,GestRiesgosFinan-587131,si
587132,587132-Maestría en Neuromarketing,Neuromarketing-587132,si
587133,587133-Maestría en Emprendimiento y Negocios Digitales,EmprendimientNegDig-587133,si
587134,587134-Maestría en Inteligencia de Negocio,InteligenciaNegocio-587134,si
587135,587135-Maestría en Negocios Internacionales,NegocioInternacional-587135,si
587136,587136-Maestría en Psicopedagogía (Newman),Psicopedagogia-587136,si
587137,587137-Maestría en Tecnología Educativa,TecnologiaEducativa-587137,si
587138,587138-Maestría en Atención a las Necesidades Educativas del Desarrollo (Newman),AtenciNecesiEduDesar-587138,si
587140,587140-Maestría en Educación Inclusiva e Intercultural (Newman),EduInclusivIntercult-587140,si
587146,"587146-Maestría en Didáctica de la Ciencia, Tecnología, Ingeniería y Matemáticas Newman",DidactCienTecIngMate-587146,si
587160,587160-Máster Universitario en Animación 3D para las Industrias del Entretenimiento (Plan 2022),Animación3D-587160,si
587161,587161-Maestría en Teatro y Artes Escénicas,TeatroArtesEscenica-587161,si
587163,587163-Máster Universitario en Gestión por Procesos para la Transformación Digital / Business Process Management (BPM) for Digital Transformation,BPMforDigitalTransf-587163,si
587165,587165-Maestría en Gerencia Social,GerenciaSocial-587165,si
587169,587169-Maestría en Industria 4.0 (Newman),Industria40-587169,si
587170,587170-Maestría en Gerencia de Operaciones y Logística,GerenciOperacLogisti-587170,si
587172,587172-Maestría en Seguridad y Salud Ocupacional,SeguridadSaludOcupac-587172,si
587176,587176-Maestría en Inteligencia Artificial,InteligenciaArtific-587176,si
587183,"587183-Maestría en Diseño Industrial, Innovación y Desarrollo de Producto",DisenoIndusInnovProd-587183,si
587184,587184-Maestría en Desarrollo y Operaciones de Software (DevOps),DesaOpSoftwareDevOps-587184,si
587206,587206-Máster Universitario en Internet de las Cosas / Master in Internet of Things (IoT) (Plan 2021),MasterIoT-587206,si
587220,587220-Maestría en Gerencia de Servicios de Salud,GerenciaServiciSalud-587220,si
587239,587239-Máster Universitario en Dirección y Gestión Financiera+PSU Big Data Finanzas,DirGestFinanBigData-587239,si
587277,587277-Máster en Ciberinteligencia,CyberThreatIntel-587277,si
587281,587281-Máster en Ecommerce y Marketplaces,EcommerceMarketplace-587281,si
589768,589768-Técnico Superior en Administración y Finanzas,TecAdminyFinanzas-589768,si
589769,589769-Técnico Superior en Administracion de Sistemas Informaticos en Red,TecAdminSistInforRed-589769,si
589770,589770-Técnico Superior en Desarrollo de Aplicaciones Web,TecDesarrolloAppWeb-589770,si
589771,589771-Transporte y Logística,TecTransporteLogist-589771,si
590579,590579-Licenciatura en Medicina,LicMedicina-590579,si
590657,590657-Especialización en Administración y Gerencia de la Salud,EspAdminGerencSalud-590657,si
599448,599448-Seminario en Cultura del Vino,CulturaDelVino-599448,si
60375,60375-Máster Universitario en Asesoría Jurídica de Empresas,AsesoriaJuridicaEmpr-60375,si
60377,60377-Doble Grado en Derecho y ADE,DGenDerechoyADE-60377,si
605881,605881-Programa Executive en Sostenibilidad ESG,ExeSostenibilidadESG-605881,si
605962,605962-Máster en Project Management,ProjectManagement-605962,si
60615,60615-MBA + PSU Finanzas Corporativas,MBAEspFinanzCorpInt-60615,si
609956,609956-Curso en Ciberseguridad (UNIR Formación Profesional),FPCiberseguridad-609956,si
609957,609957-Curso en Inteligencia Artificial y Data Science (UNIR Formación Profesional),FPInteligArtifDataS-609957,si
609971,609971-Curso en Arquitectura Big Data (UNIR Formación Profesional),FPArquitecBigData-609971,si
609990,609990-Máster Universitario en Marketing Digital + PSU en SEO Specialist,MktDigitalSeoEspec-609990,si
612849,612849-Programa Profesional en Inteligencia Artificial y Data Science,InteliArtifDataScien-612849,si
612850,612850-Programa Profesional en Ciberseguridad,ProgProfCiberseguri-612850,si
61899,61899-Inglés C1,InglesC1-61899,si
641147,641147-Bàtxelor en Musicologia (Plan 2023),BachMusicologia-641147,si
656820,656820-Máster Universitario en Trastornos de la Conducta Alimentaria,TrastConductaAliment-656820,si
656821,656821-Gerontología y Atención centrada en la Persona y las Relaciones,GerontologiaAtenPers-656821,si
656822,656822-Máster Universitario en Intervención Psicológica en el Ámbito Educativo,IntervPsicoAmbEduca-656822,si
658320,658320-Grado en Relaciones Internacionales,RelacionesIntern-658320,si
662236,662236-Licenciatura en Diseño Gráfico Digital,LicDisenoGrafDig-662236,si
673466,673466-Maestría en Diseño y Desarrollo de la Interfaz de Usuario web,DisenoDesaInterfUsua-673466,si
673767,673767-Maestría en Cooperación Internacional al Desarrollo,CooperInternDesarro-673767,si
673772,673772-Licenciatura en Recursos Humanos,LicRrhh-673772,si
673779,673779-Licenciatura en Mercadotecnia,LicMercadotecnia-673779,si
673784,673784-Licenciatura en Contaduría Pública y Finanzas,LicContaduriaPubFina-673784,si
673794,673794-Licenciatura en Arquitectura,LicArquitectura-673794,si
673802,673802-Maestría en Educación Musical,EducaMusical-673802,si
673818,673818-Maestría en Intervención Social,IntervencionSocial -673818,si
673819,673819-Maestría en Educación Integral y Socioemocional,EducaIntegrSocioemoc-673819,si
67416,67416-Máster Universitario en Dirección y Gestión Sanitaria,DirGestionCentroSan-67416,si
67417,67417-Máster Universitario en Dirección y Gestión de Unidades de Enfermería,DiryGestiondeUnidEnf-67417,si
67418,67418-Máster Universitario en Psicología General Sanitaria,PsicologiaGeneralSan-67418,si
68141,68141-Diplomatura Executive en Gestión de Operaciones y Calidad,GestOperacYCalidad-68141,si
68142,68142-Diplomatura Executive en Gestión Comercial y Negocios,GestComercNegocio-68142,si
682517,682517-Maestría en Contabilidad e Impuestos,ContabilidadImpuesto-682517,si
682518,682518-Maestría en Transformación Digital en las Organizaciones,TransfDigiOrganiz-682518,si
68287,68287-Máster Universitario en Liderazgo y Dirección de Centros Educativos,LiderazDirCentroEduc-68287,si
687742,687742-Programa Profesional en Ciberseguridad,ProgProfCiberseguri-687742,si
688217,688217-Maestría en Big Data,MaestriaBigData-688217,si
688218,688218-Maestría en Ciberseguridad (Newman),Ciberseguridad-688218,si
688230,688230-Maestría en Diseño y Gestión de Proyectos Tecnológicos,DisenoGestProyectTec-688230,si
688231,688231-Maestría en Gestión Ambiental y Eficiencia Energética,GestAmbientEficEnerg-688231,si
688913,688913-Bachelor of Science in Business Administration (online),BSBAen-688913,si
688914,688914-Bachelor of Science in Computer Science (online),BSCSen-688914,si
688915,688915-Master of Science in International Business Administration (online),IMBAen-688915,si
688917,"688917-Master of Science in Educational Leadership, Management and Emerging Technologies (online)",MELen-688917,si
688919,688919-Grado en Ciencias en Administración de Empresas (online),BSBAes-688919,si
688922,688922-Grado en Ciencias Informáticas (online),BSCSes-688922,si
688924,688924-Máster en Ciencias en Administración de Empresas Internacionales (online),IMBAes-688924,si
688928,"688928-Máster en Ciencias en Liderazgo Educativo, Gestión y Tecnologías Emergentes (online)",MELes-688928,si
690026,690026-Maestría en Ingeniería de Software y Sistemas Informáticos,IngSoftwareSistInfo-690026,si
690027,690027-Maestría en Cooperación Internacional,CoopInternacional-690027,si
690028,690028-Maestría en Intervención Social (Newman),IntervencionSocial -690028,si
690029,690029-Maestría en Musicología,Musicologia-690029,si
69093,69093-Máster Universitario en Didáctica de la Lengua en Educación Infantil y Primaria,DidactLenguaInfPrima-69093,si
694602,694602-Maestría en Criminología,Criminologia-694602,si
694623,694623-Maestría en Derechos Humanos,DerechosHumanos-694623,si
694626,694626-Maestría en Métodos de Enseñanza en Educación Personalizada (Newman),MetEnsenanzaEduPerso-694626,si
694639,694639-Maestría en Neuroeducación,NeuropsicologiaEdu-694639,si
69463,"69463-Máster en DevOps, Cloud Computing y Automatización de Producción de Software",DevOpsyCloudComp-69463,si
694640,694640-Maestría en Orientación Educativa Familiar (Newman),OrientEducatFamilia-694640,si
694641,694641-Maestría en Comunicación Corporativa (Newman),ComunicacionCorpo-694641,si
694642,694642-Maestría en Dirección de Marketing,DireccionMarketing-694642,si
694643,694643-Maestría en Dirección de Operaciones,DireccionOperaciones-694643,si
694646,694646-Maestría en Gerencia Comercial,GerenciaComercial-694646,si
694647,694647-Maestría en Marketing Político,MarketingPolitico-694647,si
694648,694648-Especialización en Derecho de la Empresa,EspDerechoEmpresa-694648,si
69472,69472-Máster Universitario en Publicidad Digital,PublicidadDigital-69472,si
69473,69473-Máster Universitario en Comunicación Corporativa,ComunicIdentidCorpo-69473,si
69496,69496-Máster Universitario en Didáctica de la Lengua y la Literatura en Educación Secundaria y Bachillerato,DidactLenguaSecBach-69496,si
700520,700520-Experto Universitario en Entrenamiento de Fuerza para Readaptación de Lesiones,EntrenFuerzReadLesio-700520,si
704552,704552-Experto Universitario en Modelos de Asistencia Integral en Atención Primaria,ModAsistIntegAtPrima-704552,si
704641,704641-Programa Avanzado en People Analytics & HR Analytics,ProgAvPeopleAnalytic-704641,si
704642,704642-Programa Avanzado en Devops & Cloud,ProAvDevopsCloud-704642,si
704643,704643-Programa Avanzado en Cloud Computing. Arquitecturas y Soluciones,ProAvCloudComputing-704643,si
704645,704645-Programa Avanzado en Peritaje Informático e Informática Forense,ProAvPeritajeInform-704645,si
704646,704646-Programa Avanzado en Inteligencia Artificial y Data Science,ProAvInteligArtif-704646,si
704695,704695-Máster en Full Stack Developer,FullStackDeveloper-704695,si
704700,704700-Máster en Product Manager,ProductManager-704700,si
704713,704713-Curso de Copywriting con IA,CopywritingIA-704713,si
708415,708415-Máster en Digital Marketing 360,DigitalMarketing360-708415,si
713037,713037-Máster Universitario en Psicología del Deporte,PsicologiaDeporte-713037,si
714520,714520-Máster Universitario en Genómica Humana de Precisión,GenomicaHumPrecision-714520,si
715725,715725-Máster Universitario en Transformación Digital en el Sector Público,TransfDigSectoPublic-715725,si
715726,715726-Máster Universitario en Gestión y Planificación de la Tecnología Sanitaria,GestPlaniTecnSanita-715726,si
719613,719613-Grado en Cooperación Internacional para el Desarrollo,CoopIntParaDesarroll-719613,si
719614,719614-Grado en Sociología,Sociología-719614,si
719616,719616-Máster Universitario en Gestión del Desarrollo Sostenible,GestDesarrollSoste-719616,si
719617,719617-Máster Universitario en Jazz y Música Moderna,JazzMusicaModerna-719617,si
719618,719618-Maestría en Educación (24 meses),Educacion24m-719618,si
72229,72229-International Executive Master's in Business Administration (IEMBA),IMBAexecutive-72229,si
72236,72236-Master in Business Administration (MBA) - 100% in English,IMBAInternational-72236,si
72597,72597-Máster Universitario en Didáctica de las Matemáticas en Educación Secundaria y Bachillerato,DidactMatesSecBach-72597,si
730731,730731-Maestría en Ingeniería Sanitaria,MaestrIngSanitaria-730731,si
730741,730741-Máster Universitario en Salud Global / One Health,SaludGlobalOneHealth-730741,si
732361,732361-Didáctica de las Artes Plásticas y Visuales en Educación Infantil y Primaria,DidArtPlasEduInfPri-732361,si
739313,739313-Maestría en Dirección y Administración de Empresas- MBA,Mba24m-739313,si
7394,7394-Grado en Maestro de Educación Infantil (Plan Nuevo),EduInfantil-7394,si
7399,7399-Grado en Maestro de Educación Primaria (Plan Nuevo),EduPrimaria-7399,si
740496,740496-Máster Universitario en Transformación Digital a través de Tecnologías Disruptivas,TransfDigTecnDisrupt-740496,si
74109,74109-Máster Universitario en Derecho del Comercio Internacional,DerechoComercioInter-74109,si
74717,74717-Maestría en Dirección y Administración de Empresas – MBA Intensivo,MbaMaestriaAde-74717,si
74718,74718-Maestría en Liderazgo y Dirección de Centros Educativos,DirGestCentroEduca-74718,si
74721,74721-Maestría en Psicopedagogía,MaestriaPsicopedagog-74721,si
74722,74722-Maestría en Ciberseguridad,SeguridadInform-74722,si
74723,74723-Maestría mexicana en Dirección e Ingeniería en Sitios Web,DirIngenieriaWeb-74723,si
74791,74791-Máster Universitario en Didáctica de las Matemáticas en Educación Infantil y Primaria,DidactMatesInfPrima-74791,si
753558,753558-Máster en Ciberseguridad,Ciberseguridad-753558,si
753664,753664-Maestría en Diseño Gráfico Digital (Newman),DisenoGraficoDigi-753664,si
753665,753665-Maestría en Energías Renovables,EnergiasRenovables-753665,si
753666,753666-Maestría en Seguridad Alimentaria (Newman),SeguriAlimentaria-753666,si
754531,754531-Maestría en Auditoría,MaestriaAuditoria-754531,si
754532,754532-Maestría en Comunicación Digital,ComunicDigital-754532,si
754533,754533-Maestría en Dirección y Gestión Deportiva,DirGestDeportiva-754533,si
754534,754534-Maestría en Protocolo y Eventos,ProtocoloyEventos-754534,si
754535,754535-Maestría en Transformación Digital de la Empresa (Newman),TransfDigitalEmpresa-754535,si
754536,754536-Maestría en Creación de Guiones Audiovisuales (Newman),CreacionGuionAudiov-754536,si
754537,754537-Maestría en Fotografía Artística,FotografiaArtistica-754537,si
754538,754538-Maestría en Pedagogía Musical (Newman),PedagogiaMusica-754538,si
754539,754539-Maestría en Anticorrupción (Newman),AnalisisPrevCorrup-754539,si
754540,754540-Maestría en Seguridad Internacional (Newman),SeguridadInternacio-754540,si
7545,7545-Grado en Comunicación,Comunicacion-7545,si
755419,755419-Maestría en Enseñanza Inglés como Lengua Extranjera (Newman),EnsenanInglesLengExt-755419,si
755420,755420-Maestría en Estimulación temprana y educación Infantil,EstimulaTempraEduInf-755420,si
755421,755421-Maestría en Prevención de Conflictos en Entornos Educativos,PrevencConfliEntEduc-755421,si
755422,755422-Maestría en Docencia Universitaria (Newman),DocenciaUniv-755422,si
755423,755423-Maestría en Educación Integral y Socioemocional (Newman),EducaIntegralSocioEm-755423,si
75650,75650-Máster Universitario en Dirección y Gestión de Recursos Humanos,DirGestionRrhh-75650,si
75651,75651-Máster Universitario en Investigación de Mercados,InvestigaciondeMerca-75651,si
75731,75731-Máster Universitario en Educación Especial,EducacionEspecial-75731,si
758582,758582-Bootcamp IA,BootcampIA-758582,si
76031,76031-Programa Profesional en Dermofarmacia,DermofarmFormuCosmet-76031,si
76032,76032-Máster Universitario en Gestión de la Seguridad Clínica del Paciente y Calidad de la Atención Sanitaria,SeguridadClinicayAte-76032,si
76033,76033-Máster Universitario en Gestión Ambiental y Energética en las Organizaciones,GestionAmbientalyEfi-76033,si
76034,76034-MU en Visual Analytics & Big Data,VisualAnalyticsyBigD-76034,si
760670,760670-Maestría en Dirección y Administración de Empresas + Certificación en Marketing Digital,DirAdeMarkDigital-760670,si
760671,760671-Maestría en Dirección y Administración de Empresas + Certificación en Finanzas,DirAdeCertFinanzas-760671,si
760682,760682-Maestría en Dirección y Administración de Empresas + Certificación en Inteligencia Artificial aplicada a la empresa,DirAdeCertIAempresa-760682,si
760683,760683-Maestría en Dirección y Administración de Empresas + Certificación en Project Management aplicado a la empresa,DirAdeCertProjectMan-760683,si
760750,760750-Maestría en Dirección y Administración de Empresas + Certificación en Business Intelligence,DirAdeCertBi-760750,si
760751,760751-Maestría en Dirección y Administración de Empresas + Certificación en Recursos Humanos,DirAdeCertRrhh-760751,si
76679,76679-Programa en Big Data for Business,BigDataLeaders-76679,si
7672,7672-MU en Prevención de Riesgos Laborales (PRL),PreveRiesgosLabPRL-7672,si
7673,7673-Grado en Ciencias Políticas y Gestión Pública,PoliticYGestPublic-7673,si
7674,7674-Grado en Administración y Dirección de Empresas,ADE-7674,si
76793,76793-Máster de Formación Permanente en Monitorización de Ensayos Clínicos,EnsayosClinicos-76793,si
769371,769371-Máster en Inteligencia de Negocio,MsbiES-769371,si
769385,769385-Máster en Ciencias en Marketing Digital,CiencMarketingDig-769385,si
769457,769457-MBA + PSU Logística y Supply Chain,MbaCursoSupplyChain-769457,si
769458,769458-MBA + PSU Sostenibilidad ESG,MbaCursoSostenESG-769458,si
769466,769466-Máster de Formación Permanente en IA en procesos industriales y manufactura,IAProcesoIndus-769466,si
769517,769517-Máster de Formación Permanente en IA para la transformación e innovación de negocio,IAtransfInnovaNego-769517,si
769518,769518-Máster de Formación Permanente en IA para el sector financiero,IAfinanciero-769518,si
769520,769520-Máster de Formación Permanente en IA para la ciencia del comportamiento,IAComportamiento-769520,si
772592,772592-Experto Universitario en Inteligencia Artificial en Educación,IAenEducación-772592,si
7762,7762-Grado en Humanidades ,Humanidades-7762,si
777087,777087-Máster de Formación Permanente en Derecho Inmobiliario y Real Estate,FpDerchInmobRealEsta-777087,si
777125,777125-Máster en Control de Gestión,FpControlGEst-777125,si
777126,777126-Máster de F.P. en Dirección de Orquesta (Unipro),FpDirOrquesta-777126,si
777127,777127-Máster en Dirección de Procesos Estratégicos,FpDirProcesEstrateg-777127,si
777128,777128-Máster en Inteligencia de Negocio,FpInteligenciaNeg-777128,si
777129,777129-Master en Digital Marketing,FpMarkDigital-777129,si
777130,777130-Master en MBA,FpAdeMBA-777130,si
777131,777131-Máster en Diseño y Gestión Proyectos Tecnológicos,FpDisenoGestProyeTec-777131,si
777132,777132-Máster en Psicología Forense,FpPsicoForense-777132,si
777133,777133-Máster en Dirección Comercial y Ventas,FpDirComercialVent-777133,si
778260,778260-Máster de Formación Permanente en Gestión de Riesgos,FpGestionRiesgos-778260,si
778261,778261-MU en Innovación en Turismo,InnovaTurismo-778261,si
778270,778270-Técnico Superior en Educación Infantil,TecSupEduInfantil-778270,si
783616,783616-Grado en Inteligencia y Analítica de Negocio,InteligAnaliticaNego-783616,si
786014,786014-Máster en UX/UI online,UxUiOnline-786014,si
786015,786015-Máster en Legaltech,Legaltech-786015,si
786016,786016-Máster en Marketing de Moda,MarketingModa-786016,si
78704,78704-DESCATALOGADO Experto en Nutrición Clínica Avanzada,NutricionClinicAv-78704,si
792488,792488-Técnico Superior en Comercio Internacional,TecSupComercioInt-792488,si
792489,792489-Técnico Superior en Documentación y Administración Sanitaria,TecSupDocuAdminSanit-792489,si
792490,792490-Técnico Superior en Integración Social,TecSupIntegracionSoc-792490,si
793009,793009-Bachelor en Administración y dirección de Empresas,BachAdminDirEmp-793009,si
793010,793010-Bachelor en Ciencia de Datos (Data science),BachCienciaDatos-793010,si
793011,793011-Bachelor en Informática,BachInformatica-793011,si
793012,793012-Bachelor en Ingeniería de Organización Industrial,BachIngOrgIndustrial-793012,si
793013,793013-Bachelor en Nutrición Humana y Dietética,BachNutriHumDiet-793013,si
793014,793014-Bachelor en Psicología,BachPsicologia-793014,si
793015,793015-DPA Contabilidad y Administración,DPAContabAdmin-793015,si
793394,793394-Especialización en Gestión Pública,EspGestionPublica-793394,si
793395,793395-Curso de IA para Marketing,CursoIAMarketing-793395,si
793396,793396-Especialización en Educación Inclusiva,EspEducacionInclusiv-793396,si
793397,793397-Maestría en Administración de Operaciones (SCM),AdminDeOperSCM-793397,si
793398,793398-Maestría en Dirección Comercial y Ventas,DirComerVentas-793398,si
795877,795877-Especialización en Derechos Humanos,EspDerechoHumanos-795877,si
795878,795878-Programa Avanzado en Arquitecturas Cloud,PrgAvArquitectuCloud-795878,si
797436,797436-Máster Universitario en Proyectos Periodísticos Digitales Avanzados,ProyPeriodisticoDig-797436,si
798780,798780-Curso de diseño creativo multimedia con IA,CursoDisenoCreativIA-798780,si
801472,801472-Especialización en Gestión Ambiental y Energética,EspGestAmbientEnerg-801472,si
801497,801497-Maestría en Sistemas Integrados de Gestión + PSU en Gestión Ambiental y Energ.,SistIntegraGestAmbi-801497,si
809477,809477-Máster en Ciberseguridad,McibEN-809477,si
809570,809570-Máster en Inteligencia de Negocio,MsbiEn-809570,si
810116,810116-Máster en Ciencias en Marketing Digital,MsdkEn-810116,si
810646,810646-Máster Universitario en Epidemiología y Salud Poblacional,EpidemioSaludPoblac-810646,si
81121,81121-MU en Ingeniería Matemática y Computación,IngenieriaMatematica-81121,si
812047,812047-C.U. en Metodologías Activas y Aprendizaje Cooperativo,MetodolActivasApre-812047,si
812061,812061-C.U. en Dislexia y Discalculia,DislexiaDiscalculia-812061,si
81322,81322-Máster Universitario en Métodos de Enseñanza en Educación Personalizada,EducacionPersonaliza-81322,si
81864,81864-Mención en Pedagogía Terapéutica (Educación Especial),MencionPedagTerapeut-81864,si
81865,81865-Mención en Enseñanza de la Lengua Inglesa,MencionLenguaInglesa-81865,si
820203,820203-Máster de Formación Permanente en Psicología de la Salud y Atención Psicológica,FPPsicoSaludAttPsico-820203,si
820339,820339-Maestría en Auditoría de Cuentas,MaestriaAuditCuentas-820339,si
820415,820415-Maestría en Mercadotecnia Farmacéutica,MercadotecFarma-820415,si
820466,820466-Maestría en Comunicación Transmedia,ComunicaTransmedia-820466,si
82637,82637-MBA + PSU Recursos Humanos,MBAEspRrhh-82637,si
83121,83121-Máster Universitario en Derecho Penal Económico,DerechoPenalEconomic-83121,si
833036,833036-Maestría en Escritura Creativa,EscrituraCreativa-833036,si
833037,833037-Maestría en Gestión del Patrimonio Cultural,GestPatrimonioCultu-833037,si
83636,"83636-Máster en Desarrollo Full Stack: Ruby, GO y Frameworks Javascript",DesarroFullStackRuby-83636,si
84046,84046-Programa Avanzado en Corporate Compliance (Certificado),CorporateCompliance-84046,si
84346,84346-Experto Universitario en Altas Capacidades y Desarrollo del Talento,AltasCapacidTalent-84346,si
84414,84414-Programa en Inteligencia Artificial,InteligenciaArtifici-84414,si
84423,84423-Experto Universitario en Cuidados Intensivos en Enfermería,CuidadosIntenEnferme-84423,si
845420,845420-Maestría en Prevención y Mediación de Conflictos en Entornos Educativos,PrevMedConflicEntEdu-845420,si
845421,845421-Experto Universitario en Adicciones Comportamentales,ExpAdiccionesComport-845421,si
845422,"845422-Experto Universitario en Prevención, Abordaje y Postvención de la Conducta Suicida",ExpPrevConductaSuici-845422,si
84832,84832-Curso de Cualificación para la Enseñanza de Filosofía y Valores Éticos,CCFilosofiaValorEtic-84832,si
84920,84920-Doble Grado en Maestro en Educación Infantil y Primaria,DGenMaestroInfPrimar-84920,si
850784,850784-Maestría en Ingeniería de Software y Sistemas Informáticos,IngeSoftwSistInforma-850784,si
855347,855347-Máster en resolución de problemas complejos,ResoluProbleComplej-855347,si
855348,855348-Programa en Chief Happiness Officer (CHO),ExChiefHappinessOff-855348,si
855644,855644-Máster en Liderazgo y Desarrollo Personal,LiderazgoDesarrPers-855644,si
856783,856783-Programa en Inteligencia Emocional,PAInteligEmocion-856783,si
856784,856784-Programa en Sostenibilidad ESG,PESostenibilidadESG-856784,si
856840,856840-Máster en Gestión de Riesgos,GestionRiesgos-856840,si
857121,857121-Máster en Coaching y Mentoring,CoachingyMentoring-857121,si
857739,857739-Programa en Inteligencia Artificial en Educación,IAenEducación-857739,si
870695,870695-Programa Executive en Derecho Concursal y Reestructuraciones,DerechConcursReestru-870695,si
870696,870696-Programa Executive en Corporate Compliance,ExecCorporateCompli-870696,si
87172,87172-Maestría mexicana en Dirección y Administración de Empresas (MBA) con Orientación en Finanzas,MbaEspFinanz-87172,si
87173,87173-Maestría mexicana en Dirección y Administración de Empresas (MBA) + Recursos Humanos,MbaEspRrhhMx-87173,si
8788,8788-MU en Sistemas Integrados de Gestión (SIG),SistIntegraGestSIG-8788,si
878977,878977-P.A. en Inteligencia Artificial para Desarrolladores,IAparaDesarrollad-878977,si
889383,889383-Maestría en Neuromarketing,Neuromarketing-889383,si
889384,889384-Maestría en Sistemas Integrados de Gestión,SistIntegradoGestion-889384,si
890249,890249-Maestría en Docencia Universitaria,MaestDocenciaUniv-890249,si
890256,890256-Maestría en Energías Renovables,MaestrEnergRenovable-890256,si
890257,890257-Maestría en Seguridad Pública,MaestSeguridadPublic-890257,si
892837,892837-Pregrado en Derecho,PregradoDerecho-892837,si
893736,893736-Maestría Internacional en Desarrollo y Operaciones de Software (DevOPs),IntDevOPs-893736,si
893744,893744-Maestría en Negocios Internacionales y Comercio Exterior,NegIntComercioExt-893744,si
893908,893908-Maestría Internacional en Comunicación y Marketing Político,IntComuniMarketPolit-893908,si
893909,893909-Maestría Internacional en Gestión de Riesgos Financieros,IntGestRiesgosFinanc-893909,si
893910,893910-Maestría Internacional en Comunicación Corporativa,IntComunicaCorpo-893910,si
8973,8973-Grado en Derecho,Derecho-8973,si
8974,8974-Grado en Trabajo Social,TrabajoSocial-8974,si
899635,899635-Especialización en Educación Musical,EspeEducaMusical-899635,si
903817,903817-Especialización en Gestión de Centros Sociales,GestCentrosSociales-903817,si
918483,918483-Especialización en TIC para la Enseñanza,EspeTicEnsenanza-918483,si
97788,97788-Programa de Desarrollo Directivo (PDD),ProgramDesarDirecPDD-97788,si
